"file","sha256"
"00_load.R","616d031569b3ff8cf41b4c49a882b146d61559be2909117dca324c492b9fc29d"
"01_run.R","b2a5fa910096a9d2863f1a1aca5cdee100e10cc571975de6800a584bb138e5e7"
"02_prepare_review.R","34b4e581270e0d57c4ec08efe97e1459d11eb2b9a2fe9f3f8f0002282950893e"
"03_resume_original.R","2bf22f485d37276d89624b1bc8e8bdf387cf05e88e53e19050d8ae5dd7d66fe0"
"capture.R","b3ce0511e43e52ea4090a19a76de7d90fa65ae5508b2bd7a2e29651def000459"
"contract/age_context.csv","12f11744e7c9e585e9f20a88d8a5d08c1491b172982f0c7ae40c1ae94a96a8d8"
"contract/checksums.csv","7b49e7bd18f0a95f4672db608f8ca7cbd09fa73effcb8716375af42cc413cc40"
"contract/contract.csv","d9e922b7d1dae0ee569915a521f9410f01693f1ec90fbd34739141fb3935caac"
"contract/occurrence_participation.csv","b77c7e330aeb96834474d5833e3c94c528fb597512e0f8a0d485936f5996cb9c"
"contract/PARTICIPATION_V6_DECISIONS.md","ecc930d2b67d6ca636dbac8bbd3629dae083edfe18c9e909b666ccf1e50ea9e5"
"contract/pending_context_instructions.csv","a8e0be000fdc673105838f918b4195d06cf59614aa82c374308227d083bc3023"
"contract/routing_capture.csv","b215c6159baa2dbf4bceedc22a19b87d30b33e5c152960578b4b478287c654c0"
"contract/routing_conditions.csv","82d01fcc1646719a83d1243c62aa6b1b4f6a697c08a6ee5ae578033d4cbbc416"
"contract/routing_targets.csv","1fe9fe0992aed3fcde941286a80a754af5e48175be07c85fb6faffd04e538bb9"
"LICENSE.md","02b853de709599e48045d7c5d899aad648cca81002c0291f3a0f117c8f8c887b"
"models.R","a21d2c0857f18c2c19dcbf2385fa75bd4a639e23117e943182e1eb8b3faf5e88"
"README.md","37382d0a178e2af0559a93f8d91034ed2fc90b5ba3527db8f28e773a4e82548c"
"REVIEWER.md","0b0068c9cafa6ce3aa12ed40af0cd634b63a5d81f0d3e9de2047c6196a4093bb"
"rules/approvals.csv","f464a84f9b1e979c1d657eb9cdce9240a2ecaaf1b74cbfd7ed21ed77520f7611"
"rules/bindings.csv","b3d805deacfaa90424014ada161706ee873e936469f09376fa737d0a6a75fb61"
"rules/checksums.csv","0649d3b5315d71baae1b9f57b92a58b9b29fc41e8bf81f92ab4f03e339212313"
"rules/manifest.csv","0254d5c32373b452232fd2f48e3e4e77dee4bcd7de5a86dd4824a03ee43c4f42"
"rules/predicates.csv","f935386b48a888148adb1da2d637b9149165c93dc1003e8836f3846f52f9a550"
"rules/rules.csv","894658c77557da751b00c07142fba42e9ec334ecbdeebaa77f4cd4d5ac03f1bb"
"rules/targets.csv","57ebce3b2b95b0a3a67ad4a377d6bb570c91acdfe1de8cf402ee5ca7cca19441"
"run.R","7a87153136172708f8a2e03e59fb5742368a70cd46382481e306a4092088fd6e"
"specification.md","cb75d3b19fe9ec193fd352b8ec9a777e4da85104bcfc6e21e6ae324f4e77ec83"
"vendor/eligibility_context.R","555aad922185ee5365996f3e318cec8646604a2672f76bc52ea95be8b780f75e"
"vendor/profile.R","8f0ab781028152ac04b91101528f4252cc0b19bb76710e018b03cf8baba52be4"
"vendor/response_options.R","3942a1a8e2c4c4495ffc9700fa286254e0ad1a70427d892191eb58194ab004bc"
"vendor/synthetic_rules.R","5916a506d83eb7fffb57f6b414f9517ff9cb615a469872e30c93f8dc5e998679"
"vendor/synthetic.R","013bd3ac9e3ae3bf80f7f64aac3e462edb1421b554639ab8375780f056baca6f"
