"routing_rule_id","input","parent_occurrence_id"
"elig_route_f884b2aefd0f1f94ecaab9f6","parent1","occ_c3e53fdfafcc15be4da8670d"
"elig_route_f884b2aefd0f1f94ecaab9f6","parent2","occ_0e19fc6f4924a83628c7501f"
"elig_route_805d879b36ed247c7b933a41","parent1","occ_c203dbdff5936ebe69c5c5c7"
"elig_route_c203d35805e76bbe5fd433fc","parent1","occ_c203dbdff5936ebe69c5c5c7"
"elig_route_6cdea06398d0f9be41574163","parent1","occ_116fe22d677001fd81fb0c98"
"elig_route_6cdea06398d0f9be41574163","parent2","occ_c203dbdff5936ebe69c5c5c7"
"elig_route_f255531ab56e9529a2c066ac","parent1","occ_ae4ecc530b47cb6f677668a9"
"elig_route_b7086e822dbe0d5e39b755c7","parent1","occ_c203dbdff5936ebe69c5c5c7"
"elig_route_a178b470e7002cfb9bf75557","parent1","occ_ae4ecc530b47cb6f677668a9"
"elig_route_d2ddd091a9638a70d4491ebb","parent1","occ_c203dbdff5936ebe69c5c5c7"
"elig_route_9afcda6fdd7b9600cb8266b0","parent1","occ_c203dbdff5936ebe69c5c5c7"
"elig_route_5ffb64949a24742c78faf9e9","parent1","occ_c203dbdff5936ebe69c5c5c7"
"elig_route_1c5d46052bc970789b40e7bf","parent1","occ_bed67037792c5c70452b517d"
"elig_route_a6c42109f8d5b4e256b5529d","parent1","occ_bed67037792c5c70452b517d"
"elig_route_1fa040600712f19d8ce1c2ea","parent1","occ_a31781e0fcd1f07009c17261"
"elig_route_9a61f90f72f39927d16d3615","parent1","occ_a31781e0fcd1f07009c17261"
"elig_route_7be62551551e94cce2e78e57","parent1","occ_e4af2a6619ffcf9646b6bad3"
"elig_route_7be62551551e94cce2e78e57","parent2","occ_bed67037792c5c70452b517d"
"elig_route_8f427865c8ab2e065307e769","parent1","occ_bed67037792c5c70452b517d"
"elig_route_53f9e70fbf192e12c7c24b7b","parent1","occ_bed67037792c5c70452b517d"
"elig_route_6233968b6257f302fa19930f","parent1","occ_bed67037792c5c70452b517d"
"elig_route_efeb53f83153a6f216025abe","parent1","occ_a455a5b7c28419e489659497"
"elig_route_c82dca07350074dc1ea01735","parent1","occ_b6245bbe504746645547eb6e"
"elig_route_8c54f33cfcd3d8a3c3663836","parent1","occ_b6245bbe504746645547eb6e"
"elig_route_9f3dc4e2901172c2342765f4","parent1","occ_7cdf32b934d36de02058f654"
"elig_route_95f80f333c7031f17d85ccf7","parent1","occ_7cdf32b934d36de02058f654"
"elig_route_c7a998dea4f3b156acfaf9e9","parent1","occ_c107cce51ce5995f4a9cb1e4"
"elig_route_c7a998dea4f3b156acfaf9e9","parent2","occ_b6245bbe504746645547eb6e"
"elig_route_4162780e792a59a0769160eb","parent1","occ_b6245bbe504746645547eb6e"
"elig_route_a079554032c3e2ffac66b305","parent1","occ_b6245bbe504746645547eb6e"
"elig_route_5988b1139d046560e3cf96ed","parent1","occ_2b8b0a82fefb33a86ae7e484"
"elig_route_27c5d87d61345aadf8f2203b","parent1","occ_18d1318c26074aeda5539a95"
"elig_route_70e3b14ea77fc68c971f8ffc","parent1","occ_18d1318c26074aeda5539a95"
"elig_route_0551ff49111180503423e3a4","parent1","occ_acc349f2ea3f447b9e90c4a2"
"elig_route_a5001ceac20ba3c1f38e8056","parent1","occ_51330cca68b00ee5efc5b116"
"elig_route_a5001ceac20ba3c1f38e8056","parent2","occ_18d1318c26074aeda5539a95"
"elig_route_e801bacf46df3f7c2e0c3b53","parent1","occ_18d1318c26074aeda5539a95"
"elig_route_8c5029c8cf1a76301a010d44","parent1","occ_18d1318c26074aeda5539a95"
"elig_route_98382ff9306172c8254962ee","parent1","occ_891ca1bec42287d60d89237f"
"elig_route_c1cf6c93335ccdca5871e786","parent1","occ_79717f753542e18fdf359e79"
"elig_route_b1970268960c577d502a6c5c","parent1","occ_79717f753542e18fdf359e79"
"elig_route_fa4eca6338b89b1ef82fd9a7","parent1","occ_f7347e7e0aba12e2e111a6d0"
"elig_route_fa4eca6338b89b1ef82fd9a7","parent2","occ_f1fe704b047606a0e306e29c"
"elig_route_b0db4ca319afffb8c448f7bd","parent1","occ_79717f753542e18fdf359e79"
"elig_route_46952c6f1287bf39937940bb","parent1","occ_04ee4731836ed318395b4d16"
"elig_route_b02f0ac8e23139cd5ced92b2","parent1","occ_55e00f61098045fbdaefa7e7"
"elig_route_b02f0ac8e23139cd5ced92b2","parent2","occ_79717f753542e18fdf359e79"
"elig_route_64fba27d11487d20a432a09f","parent1","occ_79717f753542e18fdf359e79"
"elig_route_f89ceb38326a2f2b56087ded","parent1","occ_79717f753542e18fdf359e79"
"elig_route_fa876d0d83221a5b24675847","parent1","occ_888baa2ea8021801ed54f588"
"elig_route_21c4e1e849f43653eb586890","parent1","occ_65fc01b2227a8bdcc0859048"
"elig_route_744603347e714c196427ec87","parent1","occ_65fc01b2227a8bdcc0859048"
"elig_route_1386472a3a581ac0f8a22abb","parent1","occ_e165a5fbbf0f017e28313798"
"elig_route_1386472a3a581ac0f8a22abb","parent2","occ_4d24eb9479afb432d00cb1ee"
"elig_route_5c6720451d0fae9849ef9493","parent1","occ_1c040824b7dde5262735ddc1"
"elig_route_28bc527602a6f9e2aff154ce","parent1","occ_1c040824b7dde5262735ddc1"
"elig_route_0f1d256c599288a5a8e94e81","parent1","occ_6ed7c7bfcbaf6999b91e233a"
"elig_route_0f1d256c599288a5a8e94e81","parent2","occ_65fc01b2227a8bdcc0859048"
"elig_route_2f649bf2bc9cef0db2e545c3","parent1","occ_65fc01b2227a8bdcc0859048"
"elig_route_9f5c732ebfca4e506e745730","parent1","occ_65fc01b2227a8bdcc0859048"
"elig_route_ed0c719cb4f5eb13a40bbaa7","parent1","occ_7d80b66f95dcb9778d9de310"
"elig_route_8971f8659408cfdcfce594be","parent1","occ_700a3dd55f662b5f1568717d"
"elig_route_a400a0a4c12044651a267dc4","parent1","occ_700a3dd55f662b5f1568717d"
"elig_route_bbf3bfc55cbbe1824902941c","parent1","occ_9ac50bfb390c5bc8b9ac24c2"
"elig_route_bbf3bfc55cbbe1824902941c","parent2","occ_d87f9b840449e8eb924abf19"
"elig_route_4dd43ba01d297fc61cd88374","parent1","occ_fcbc1ac252fbfc5ba408602f"
"elig_route_27bf479d8593caa5ffa3f675","parent1","occ_cac83093c3284ab5cf7301f5"
"elig_route_3fbe40e19dd18967be0875f0","parent1","occ_cac83093c3284ab5cf7301f5"
"elig_route_8f4cc07fc5515768d79471c5","parent1","occ_c66278c75514be572a191661"
"elig_route_8f4cc07fc5515768d79471c5","parent2","occ_700a3dd55f662b5f1568717d"
"elig_route_4d9a9deb011f084d89d66d4d","parent1","occ_efc40665d33cbc47bed4fdaa"
"elig_route_4d9a9deb011f084d89d66d4d","parent2","occ_700a3dd55f662b5f1568717d"
"elig_route_30ef929eecaed48465037fa3","parent1","occ_2b52bc28e21cec07121edd44"
"elig_route_30ef929eecaed48465037fa3","parent2","occ_700a3dd55f662b5f1568717d"
"elig_route_0ed68e6f6705b14ed4967287","parent1","occ_2ffc576dae5bda5e9541027a"
"elig_route_0ed68e6f6705b14ed4967287","parent2","occ_700a3dd55f662b5f1568717d"
"elig_route_0b28ca04c42950ece82c9db5","parent1","occ_b0d954cdc21776f7bdb48dc9"
"elig_route_0b28ca04c42950ece82c9db5","parent2","occ_700a3dd55f662b5f1568717d"
"elig_route_7c554927f893dde4e878fbfb","parent1","occ_700a3dd55f662b5f1568717d"
"elig_route_08ab87215380c4543b7426c6","parent1","occ_700a3dd55f662b5f1568717d"
"elig_route_ae2c68bf85b8460e2b4f1c11","parent1","occ_9e5afb1feb3549f76ab4e86f"
"elig_route_f463a5d1829caf06bf0af345","parent1","occ_3fe712046826c8d34599fe21"
"elig_route_597a8f57f7605382bb7db4c3","parent1","occ_3fe712046826c8d34599fe21"
"elig_route_5d3563a8eccd015d3886daff","parent1","occ_e9cd176ec4515e17ca428b7b"
"elig_route_5d3563a8eccd015d3886daff","parent2","occ_18a464a5d76925fcbd9270c3"
"elig_route_f7aee97d46c94c1c5a6b01e3","parent1","occ_cb1a60022f44f46e3484bdd7"
"elig_route_66875d7e71fac8d8da735614","parent1","occ_a0891cd73258435d0ab62ae7"
"elig_route_df0c4cb5830d47b23198e4a2","parent1","occ_a0891cd73258435d0ab62ae7"
"elig_route_b94dd412306475f15deba1eb","parent1","occ_ff3678a31aa17ae897833f1d"
"elig_route_b94dd412306475f15deba1eb","parent2","occ_3fe712046826c8d34599fe21"
"elig_route_bd73fb72103654f30e560a3d","parent1","occ_603080bc4c253f3aef6d9688"
"elig_route_bd73fb72103654f30e560a3d","parent2","occ_3fe712046826c8d34599fe21"
"elig_route_d82d8092609084176b51e6c8","parent1","occ_015ec807a1cde4407c8c3374"
"elig_route_d82d8092609084176b51e6c8","parent2","occ_3fe712046826c8d34599fe21"
"elig_route_360473e66c09edd71c8d9032","parent1","occ_80eed801105be3c369e45047"
"elig_route_360473e66c09edd71c8d9032","parent2","occ_3fe712046826c8d34599fe21"
"elig_route_728df739da130f2a87cbc347","parent1","occ_4c9a84c69f27bdd40c456cf2"
"elig_route_728df739da130f2a87cbc347","parent2","occ_3fe712046826c8d34599fe21"
"elig_route_978375808bf9b7b589cb6357","parent1","occ_3fe712046826c8d34599fe21"
"elig_route_b0a3e24bb89fbaa4bbc0cf17","parent1","occ_3fe712046826c8d34599fe21"
"elig_route_0d46217ef1724ec2286b19d3","parent1","occ_74adab44e9c5391532d8fb0e"
"elig_route_9b5ee09c75094d1884cf723c","parent1","occ_e938437db0935fd414cc55c7"
"elig_route_25c27a07b217a626ef2cd252","parent1","occ_e938437db0935fd414cc55c7"
"elig_route_db342d8a6b4a6e300c725091","parent1","occ_51765940c00510c82294f1b6"
"elig_route_db342d8a6b4a6e300c725091","parent2","occ_0e0660790d125310b27b136f"
"elig_route_bc47a0d95ba2b2e03c7abbbc","parent1","occ_6568212de4d89a61ec56c130"
"elig_route_4787313256fb9d89d325561e","parent1","occ_c4b253d706e263fc1df70447"
"elig_route_bfe289cd0ea79eca37b5b014","parent1","occ_c4b253d706e263fc1df70447"
"elig_route_41f632875610fa3098bbdfa5","parent1","occ_ed6a4b91476e16772647111a"
"elig_route_41f632875610fa3098bbdfa5","parent2","occ_e938437db0935fd414cc55c7"
"elig_route_bd43ff37656617bd0e55ba16","parent1","occ_4ab0c60cdeb59978bfdb3acf"
"elig_route_bd43ff37656617bd0e55ba16","parent2","occ_e938437db0935fd414cc55c7"
"elig_route_e1d0704d448d56cec4bf990f","parent1","occ_1d46ca0fee1d92916e83807b"
"elig_route_e1d0704d448d56cec4bf990f","parent2","occ_e938437db0935fd414cc55c7"
"elig_route_690901435f4292868157dcbf","parent1","occ_6e4896a7c7596eeae1047523"
"elig_route_690901435f4292868157dcbf","parent2","occ_e938437db0935fd414cc55c7"
"elig_route_958bdb1088844409ac7aee05","parent1","occ_95fa5062e0a2f8146a515649"
"elig_route_958bdb1088844409ac7aee05","parent2","occ_e938437db0935fd414cc55c7"
"elig_route_bdd17a489bcf9609a3b5cdbc","parent1","occ_e938437db0935fd414cc55c7"
"elig_route_8ace599f10e87c25e89eb6a0","parent1","occ_e938437db0935fd414cc55c7"
"elig_route_20add507459ca984e6034b1c","parent1","occ_f20fe70080502dc038bb2a96"
"elig_route_0349fb4d5967316465c00387","parent1","occ_d0519f15408a6a1c56280a01"
"elig_route_e316cd498c5f30be8e360e2f","parent1","occ_d0519f15408a6a1c56280a01"
"elig_route_e8b39ccba31d7f5450dd80c6","parent1","occ_37cac3d3035648efa62a740d"
"elig_route_e8b39ccba31d7f5450dd80c6","parent2","occ_93e7455644f3d6b5e207ca48"
"elig_route_f7d4cde31e9b756b3b7afa61","parent1","occ_c759b9769736aae8f24652b8"
"elig_route_a56c86c19a80b888c91069ff","parent1","occ_c759b9769736aae8f24652b8"
"elig_route_2b66f26ad81e1077b7ab4bd7","parent1","occ_e8add30010587b800e3c9c65"
"elig_route_2b66f26ad81e1077b7ab4bd7","parent2","occ_d0519f15408a6a1c56280a01"
"elig_route_c16df11aefd1df53a1b9afe6","parent1","occ_e71b8cadc340617e0bbe416b"
"elig_route_c16df11aefd1df53a1b9afe6","parent2","occ_d0519f15408a6a1c56280a01"
"elig_route_54782e9be5d661c24b1f223f","parent1","occ_21b5ff7296d7d8bb02a04481"
"elig_route_54782e9be5d661c24b1f223f","parent2","occ_d0519f15408a6a1c56280a01"
"elig_route_5dff605965219e27a94a6860","parent1","occ_dced2f2af9f051f064dd6949"
"elig_route_5dff605965219e27a94a6860","parent2","occ_d0519f15408a6a1c56280a01"
"elig_route_3625f5fe88bc7aaaaa79dd2c","parent1","occ_486ad53506e08ae3bec89708"
"elig_route_3625f5fe88bc7aaaaa79dd2c","parent2","occ_d0519f15408a6a1c56280a01"
"elig_route_2d7d19185decd6e91f343b1b","parent1","occ_d0519f15408a6a1c56280a01"
"elig_route_3c97b2fcfe50eccbeb5a49c8","parent1","occ_d0519f15408a6a1c56280a01"
"elig_route_ababf27d0125158a90a824c3","parent1","occ_f98e41493070491aebb950a1"
"elig_route_fcdc0c5514598de2ef7049cb","parent1","occ_ce3457a1ccf814420c086e24"
"elig_route_be7846acc649cec6ecb27633","parent1","occ_ce3457a1ccf814420c086e24"
"elig_route_6fe11948fa3ff7ad89caf5c6","parent1","occ_d3f403d16a588adfc9d63afa"
"elig_route_6fe11948fa3ff7ad89caf5c6","parent2","occ_9b76309c8214492c167e0535"
"elig_route_a46284986adf2089ae9e7e5e","parent1","occ_0893d573317232e7965c92f3"
"elig_route_8d7c6783aefe5c59eb850dfc","parent1","occ_0893d573317232e7965c92f3"
"elig_route_719ea1dd28f4d922cbfcb587","parent1","occ_8340acf5d7bfe0d104c056ea"
"elig_route_719ea1dd28f4d922cbfcb587","parent2","occ_ce3457a1ccf814420c086e24"
"elig_route_4902a9a573c2f0035a06f4a2","parent1","occ_ecf10420352018096b474ae8"
"elig_route_4902a9a573c2f0035a06f4a2","parent2","occ_ce3457a1ccf814420c086e24"
"elig_route_208dde9009a99f7f306bbb02","parent1","occ_030a00d893491b3a98f9313d"
"elig_route_208dde9009a99f7f306bbb02","parent2","occ_ce3457a1ccf814420c086e24"
"elig_route_84811519dea89eca37c0af04","parent1","occ_7edc65dac55161c8339273f9"
"elig_route_84811519dea89eca37c0af04","parent2","occ_ce3457a1ccf814420c086e24"
"elig_route_555402e6d9c9ea17bdf71db1","parent1","occ_9f4f3992cd23e98e33e67629"
"elig_route_555402e6d9c9ea17bdf71db1","parent2","occ_ce3457a1ccf814420c086e24"
"elig_route_2b47b6b26977ce3205e4e60a","parent1","occ_ce3457a1ccf814420c086e24"
"elig_route_ec473c72d161a4e5e574229d","parent1","occ_ce3457a1ccf814420c086e24"
"elig_route_6da0f68979495f64d7b7f029","parent1","occ_9bf883a5d4208a4a7b0f7a01"
"elig_route_ea5408cb1523047ec534d514","parent1","occ_44f01de76666d6863012e593"
"elig_route_28fe0b1f0fed909b62b77506","parent1","occ_44f01de76666d6863012e593"
"elig_route_a328f0a2c645d492606f7496","parent1","occ_a90e1e73d6329a13ef21a8ba"
"elig_route_a328f0a2c645d492606f7496","parent2","occ_243fa653c81175c07c777baa"
"elig_route_1941ee36d421f5141759ad34","parent1","occ_2e8aafa15b30ce909817cfcc"
"elig_route_594054a35b841c6a2a09a479","parent1","occ_2e8aafa15b30ce909817cfcc"
"elig_route_644dba69ef1d21de09c9a392","parent1","occ_a0ac4cfe46015e8ee837b9b4"
"elig_route_644dba69ef1d21de09c9a392","parent2","occ_44f01de76666d6863012e593"
"elig_route_b46cf065c2b454ebf71c17a5","parent1","occ_0c53a61d381332c1ded04bf0"
"elig_route_b46cf065c2b454ebf71c17a5","parent2","occ_44f01de76666d6863012e593"
"elig_route_7e11b71f9775f20279ddac78","parent1","occ_a2ba5e7d4ad3f1760c825dfc"
"elig_route_7e11b71f9775f20279ddac78","parent2","occ_44f01de76666d6863012e593"
"elig_route_8f35c5afa398e98da5782325","parent1","occ_44f01de76666d6863012e593"
"elig_route_57c98c5dba4f8f85d5fd2756","parent1","occ_44f01de76666d6863012e593"
"elig_route_34a639d4a930c9104af7b99d","parent1","occ_5cb79e62dcb68b2e832d6945"
"elig_route_4931ed4e3caa4f624e7a4ec3","parent1","occ_c0f6ebacb42eb1de75446e7d"
"elig_route_104ddcad8ea8a1fe5bb362a9","parent1","occ_ad1644da8525eab46fb02864"
"elig_route_97837191cdfc07be0cac8312","parent1","occ_ad1644da8525eab46fb02864"
"elig_route_9d03846cf63bd9400b6f9ca9","parent1","occ_03c3344db829e193af8b4bdf"
"elig_route_9d03846cf63bd9400b6f9ca9","parent2","occ_569a4d1e4c7c5ddceb4f5073"
"elig_route_3f19cf856c170dfc022bda7f","parent1","occ_5bce55ae5b2d4a474b2c68a5"
"elig_route_6f80d51d62091c82e0dd4c5d","parent1","occ_5bce55ae5b2d4a474b2c68a5"
"elig_route_ef623d190595969b634d3005","parent1","occ_87974b7ca22b14ce4669c8bf"
"elig_route_ef623d190595969b634d3005","parent2","occ_ad1644da8525eab46fb02864"
"elig_route_7fae000f5ca53c1b754ddaf5","parent1","occ_a1231cad3a3472884572e431"
"elig_route_7fae000f5ca53c1b754ddaf5","parent2","occ_ad1644da8525eab46fb02864"
"elig_route_9a6b6c857f773a06794ec623","parent1","occ_b75f0ee503c55a7cffc17979"
"elig_route_9a6b6c857f773a06794ec623","parent2","occ_ad1644da8525eab46fb02864"
"elig_route_9a7d2456f9b04fc11db8b5da","parent1","occ_ad1644da8525eab46fb02864"
"elig_route_d3edfeb706205567efe8f9dc","parent1","occ_ad1644da8525eab46fb02864"
"elig_route_08e2a58912d6d5f6f4c2aa13","parent1","occ_9d04681c71769999710bd1a7"
"elig_route_8b9112e94ef9794e59cf3383","parent1","occ_fe3762897205bce29cfb4d79"
"elig_route_f5c14cfd3c9e6b2d856843ed","parent1","occ_fe3762897205bce29cfb4d79"
"elig_route_06878e3ee64582a86eb2c305","parent1","occ_07ca73c08fec897229b5a5e7"
"elig_route_06878e3ee64582a86eb2c305","parent2","occ_48cf656d779d0c07cf800c4c"
"elig_route_f10790cabdfe46fed4399163","parent1","occ_180058d3a23f0cf04b371583"
"elig_route_84b546d0eda9d7219c1fbc45","parent1","occ_180058d3a23f0cf04b371583"
"elig_route_c6f4d565c8faa02b73eef4b0","parent1","occ_8c5e43f47c622c3ebdeea710"
"elig_route_c6f4d565c8faa02b73eef4b0","parent2","occ_fe3762897205bce29cfb4d79"
"elig_route_6f76e51eaa30665206cf9264","parent1","occ_90108062a44c11747b109fea"
"elig_route_6f76e51eaa30665206cf9264","parent2","occ_fe3762897205bce29cfb4d79"
"elig_route_c0d32743cb43608dda386494","parent1","occ_005c46bc28a67efd8d0cd834"
"elig_route_c0d32743cb43608dda386494","parent2","occ_fe3762897205bce29cfb4d79"
"elig_route_66b8df095401b9a74d959374","parent1","occ_fe3762897205bce29cfb4d79"
"elig_route_ccc6c989849a03bbeb67a230","parent1","occ_fe3762897205bce29cfb4d79"
"elig_route_20188e1d6857d2c98c776896","parent1","occ_573cb3196842ab9393653f99"
"elig_route_a5d88309512fd52787a07982","parent1","occ_0db7dc894900be15cb2e2c8e"
"elig_route_4e1988aee559f649c1f2949a","parent1","occ_0db7dc894900be15cb2e2c8e"
"elig_route_da4898db7d9e22991964acd2","parent1","occ_0a3f7d8fa282d45524359d75"
"elig_route_da4898db7d9e22991964acd2","parent2","occ_90bff13a6179e932f8ed3bb5"
"elig_route_29c625db2da090affc563c73","parent1","occ_5dec207d1dff4fbd74cd3cb9"
"elig_route_263a2cf53effd9b1ff61c829","parent1","occ_5dec207d1dff4fbd74cd3cb9"
"elig_route_52cf9f73f34bbf5540a358bb","parent1","occ_ab8e6be2ba00af0dbe2ad6bc"
"elig_route_52cf9f73f34bbf5540a358bb","parent2","occ_0db7dc894900be15cb2e2c8e"
"elig_route_0a9b2f11d53ee1060f7c5b80","parent1","occ_bed74736cc68a3acdecce7d2"
"elig_route_0a9b2f11d53ee1060f7c5b80","parent2","occ_0db7dc894900be15cb2e2c8e"
"elig_route_a745e99747e8b387996f3fe9","parent1","occ_ca521d1f9a6df95ec09d90d5"
"elig_route_a745e99747e8b387996f3fe9","parent2","occ_0db7dc894900be15cb2e2c8e"
"elig_route_dd27d706f65074a61b50e227","parent1","occ_38844b41c5d9e349654593b4"
"elig_route_dd27d706f65074a61b50e227","parent2","occ_0db7dc894900be15cb2e2c8e"
"elig_route_1f2e8f40cb47691dca6fc999","parent1","occ_ecd68653f56e75f18f513291"
"elig_route_1f2e8f40cb47691dca6fc999","parent2","occ_0db7dc894900be15cb2e2c8e"
"elig_route_9d4fa0cd5d1988b5138ee20e","parent1","occ_66e92c13f48cbb59cbad00a0"
"elig_route_9d4fa0cd5d1988b5138ee20e","parent2","occ_0db7dc894900be15cb2e2c8e"
"elig_route_534c8c2735b64ec40ecc91ed","parent1","occ_0db7dc894900be15cb2e2c8e"
"elig_route_4ff70cf2499dd1d3bbbc983a","parent1","occ_0db7dc894900be15cb2e2c8e"
"elig_route_bd30aa7a4db5761245287b96","parent1","occ_b1783fa946ecbb7b25ab78ef"
"elig_route_49e8f7359a16532bbd166efa","parent1","occ_c0692ea7cac8169d0f19729e"
"elig_route_05981830a5971ae5c269715a","parent1","occ_c0692ea7cac8169d0f19729e"
"elig_route_33a425f78c272285c4a3303f","parent1","occ_53bb5ed11305db633de2f91f"
"elig_route_33a425f78c272285c4a3303f","parent2","occ_521ce6a62bdbbc58e7d17ee5"
"elig_route_7daa7f0fb65d73f6156e04a0","parent1","occ_4a99ec3e71e50d001b555fb0"
"elig_route_d498853b370aeca9bc86bee7","parent1","occ_4a99ec3e71e50d001b555fb0"
"elig_route_bcd672ac8359664660442e10","parent1","occ_7d22157368a83599bc1fe08e"
"elig_route_bcd672ac8359664660442e10","parent2","occ_c0692ea7cac8169d0f19729e"
"elig_route_015a2c948817416733f1f237","parent1","occ_e30c1529e9b38a6dac93e8cd"
"elig_route_015a2c948817416733f1f237","parent2","occ_c0692ea7cac8169d0f19729e"
"elig_route_a6549297ca8bba046835a55d","parent1","occ_c9ff29cfb2234eb94537b2a7"
"elig_route_a6549297ca8bba046835a55d","parent2","occ_c0692ea7cac8169d0f19729e"
"elig_route_6e69491a2e158aa2cafb0963","parent1","occ_50f11fee80b276a5522248a4"
"elig_route_6e69491a2e158aa2cafb0963","parent2","occ_c0692ea7cac8169d0f19729e"
"elig_route_b67da01b92679710a206734b","parent1","occ_04f3bc798078034dbedf8ec8"
"elig_route_b67da01b92679710a206734b","parent2","occ_c0692ea7cac8169d0f19729e"
"elig_route_d1afd5b4ae7c20904f85fa3d","parent1","occ_ba5ef7814a0dfccc0a97c0d1"
"elig_route_d1afd5b4ae7c20904f85fa3d","parent2","occ_c0692ea7cac8169d0f19729e"
"elig_route_337cf62be0bc69418d915b86","parent1","occ_c0692ea7cac8169d0f19729e"
"elig_route_28ab7539832ce2e3eff63d86","parent1","occ_c0692ea7cac8169d0f19729e"
"elig_route_14c12ff02b9a533df7d86186","parent1","occ_aa6df6e2946c9c9f7ba3d41e"
"elig_route_199f37fccbfcc62a8de7fa8f","parent1","occ_7323947fb142a666575c1c3c"
"elig_route_e14d2f7a0e6b66e20e05ec2d","parent1","occ_7323947fb142a666575c1c3c"
"elig_route_c139dc7c55ece0b3ec929592","parent1","occ_17ae143596ec7036f0a1e52a"
"elig_route_c139dc7c55ece0b3ec929592","parent2","occ_16f9cca7e0555295fd059da0"
"elig_route_a254e9a78d15f318f8609e2d","parent1","occ_7323947fb142a666575c1c3c"
"elig_route_d6ea1a62cfd3d38edf26d10b","parent1","occ_efff5faecd6c9bb36d88f799"
"elig_route_e981b691091146bf3a2e0e8e","parent1","occ_efff5faecd6c9bb36d88f799"
"elig_route_ef9d49f97bd611c36c3da6c8","parent1","occ_6508ccd7f8dc3a3661f1e869"
"elig_route_ef9d49f97bd611c36c3da6c8","parent2","occ_7323947fb142a666575c1c3c"
"elig_route_e754b5266af41f980edc98d0","parent1","occ_7323947fb142a666575c1c3c"
"elig_route_ec422941c4cb347b813e7f32","parent1","occ_46dbe34107577a12f0bbb89b"
"elig_route_ec422941c4cb347b813e7f32","parent2","occ_7323947fb142a666575c1c3c"
"elig_route_5cb149175102c6c16a17f836","parent1","occ_5c0e91352f2abe9a9bb80ba6"
"elig_route_5cb149175102c6c16a17f836","parent2","occ_7323947fb142a666575c1c3c"
"elig_route_a8c66c92c876eadb73dc22ee","parent1","occ_aa3e6b063e948990359cba75"
"elig_route_a8c66c92c876eadb73dc22ee","parent2","occ_7323947fb142a666575c1c3c"
"elig_route_1b4b0756318c203aa5b4016d","parent1","occ_658c9e8613266fbefd3813bd"
"elig_route_1b4b0756318c203aa5b4016d","parent2","occ_7323947fb142a666575c1c3c"
"elig_route_51f0348627367adc2c3242ea","parent1","occ_7323947fb142a666575c1c3c"
"elig_route_be5c8b687fb215f52b9cda28","parent1","occ_7323947fb142a666575c1c3c"
"elig_route_db4e387a12c5e71b300e1a08","parent1","occ_938343f9ccf6f2c4a1f92185"
"option_occ_43f23e783cb674011ce5907d","parent1","occ_ef7c666c241125ec2c192372"
"option_occ_5f3e011e655c299ac5899c8a","parent1","occ_ef7c666c241125ec2c192372"
"option_occ_a579ac5db50ec68770ad24d8","parent1","occ_22eb80fcb1eed15301178453"
"option_occ_3ed29f293a92de2f7770d3f4","parent1","occ_22eb80fcb1eed15301178453"
"option_occ_dfe8221a860acd84a567e288","parent1","occ_b11a7f79646c509aed68426a"
"option_occ_24516cfc55ce0c081df1cd49","parent1","occ_b11a7f79646c509aed68426a"
"option_occ_c41e8c634e5a328517d1d181","parent1","occ_7913b1cb8061717a38db6a3b"
"option_occ_b7f7c7505e5803831814b231","parent1","occ_7913b1cb8061717a38db6a3b"
"option_occ_f5f6cedbcd84e96f0141fa41","parent1","occ_97d17c716744f24eb51a6436"
"option_occ_308df3c8c82cad0fc27827e8","parent1","occ_97d17c716744f24eb51a6436"
"option_occ_57a1a2351254cc0363b11aa4","parent1","occ_8a71fcbeb3b7c03b9a40b59a"
"option_occ_ec6d9de4180ac7330590cd43","parent1","occ_77a62d638e8b9743822e094b"
"option_occ_a77c4bd2b34b55c6aeae38ee","parent1","occ_ad1644da8525eab46fb02864"
"option_occ_078ca5c107d38899850c0f3f","parent1","occ_80673adce3fe7bf1b2b84d3e"
"option_occ_93978e415d7d28f02338d24f","parent1","occ_fe3762897205bce29cfb4d79"
"option_occ_d1f60caafacea2e9d83b2bc0","parent1","occ_e828e86a80591dc224e5ddcb"
"option_occ_fad7cf6969f56bc6461a8277","parent1","occ_e828e86a80591dc224e5ddcb"
"option_occ_b7b549dfc4caf564a881ab59","parent1","occ_0db7dc894900be15cb2e2c8e"
"option_occ_648c181f47cca67e567ab7f1","parent1","occ_e828e86a80591dc224e5ddcb"
"option_occ_64b3e75504db5094dabc0f57","parent1","occ_0db7dc894900be15cb2e2c8e"
"option_occ_f3d7dca59c67c4ad33e16343","parent1","occ_e805bb635bb5e277b132c253"
"option_occ_26033a5a628823586aa71995","parent1","occ_e805bb635bb5e277b132c253"
"option_occ_a6644b7f058be2b2856a2cef","parent1","occ_c0692ea7cac8169d0f19729e"
"option_occ_19fdc98e1f0356eb7f145ff4","parent1","occ_e805bb635bb5e277b132c253"
"option_occ_f07518b57a64fdbd637a74b6","parent1","occ_c0692ea7cac8169d0f19729e"
"option_occ_55348169c6e61e2a33b3a399","parent1","occ_0fbd972f37e8a43f88d4ecb1"
"option_occ_6cadd7b4bf658774405c3c8e","parent1","occ_0fbd972f37e8a43f88d4ecb1"
"option_occ_e9c8f81c2acd70b5d13fd959","parent1","occ_7323947fb142a666575c1c3c"
"option_occ_95b7fb3b3bf494a7788f96cf","parent1","occ_0fbd972f37e8a43f88d4ecb1"
"option_occ_ad6429dbcc7c180a8094b5ee","parent1","occ_7323947fb142a666575c1c3c"
"option_occ_36fe2675f8d9c57da219cd04","parent1","occ_9e68145b2bcdbe7c4c35ea47"
"option_occ_599bfe630c5cf2bf5a6d715e","parent1","occ_9e68145b2bcdbe7c4c35ea47"
"option_occ_c3e53fdfafcc15be4da8670d","parent1","occ_0e19fc6f4924a83628c7501f"
"option_occ_116fe22d677001fd81fb0c98","parent1","occ_c203dbdff5936ebe69c5c5c7"
"option_occ_e4af2a6619ffcf9646b6bad3","parent1","occ_bed67037792c5c70452b517d"
"option_occ_c107cce51ce5995f4a9cb1e4","parent1","occ_b6245bbe504746645547eb6e"
"option_occ_51330cca68b00ee5efc5b116","parent1","occ_18d1318c26074aeda5539a95"
"option_occ_55e00f61098045fbdaefa7e7","parent1","occ_79717f753542e18fdf359e79"
"option_occ_6ed7c7bfcbaf6999b91e233a","parent1","occ_65fc01b2227a8bdcc0859048"
"option_occ_c66278c75514be572a191661","parent1","occ_700a3dd55f662b5f1568717d"
"option_occ_ff3678a31aa17ae897833f1d","parent1","occ_3fe712046826c8d34599fe21"
"option_occ_ed6a4b91476e16772647111a","parent1","occ_e938437db0935fd414cc55c7"
"option_occ_e8add30010587b800e3c9c65","parent1","occ_d0519f15408a6a1c56280a01"
"option_occ_8340acf5d7bfe0d104c056ea","parent1","occ_ce3457a1ccf814420c086e24"
"option_occ_a0ac4cfe46015e8ee837b9b4","parent1","occ_44f01de76666d6863012e593"
"option_occ_87974b7ca22b14ce4669c8bf","parent1","occ_ad1644da8525eab46fb02864"
"option_occ_8c5e43f47c622c3ebdeea710","parent1","occ_fe3762897205bce29cfb4d79"
"option_occ_ab8e6be2ba00af0dbe2ad6bc","parent1","occ_0db7dc894900be15cb2e2c8e"
"option_occ_7d22157368a83599bc1fe08e","parent1","occ_c0692ea7cac8169d0f19729e"
"option_occ_6508ccd7f8dc3a3661f1e869","parent1","occ_7323947fb142a666575c1c3c"
