"pattern_id","clause_id","condition_order","input","operator","comparison_values_json"
"pattern_20c452c0bdaf023cee80bbcec5fa206a595434a7a4a4eb566fbaed6770fd7fda",1,"1","parent1","selected_any","[]"
"pattern_20c452c0bdaf023cee80bbcec5fa206a595434a7a4a4eb566fbaed6770fd7fda",1,"2","age","gte","[18]"
"pattern_20c452c0bdaf023cee80bbcec5fa206a595434a7a4a4eb566fbaed6770fd7fda",2,"1","parent1","selected_any","[]"
"pattern_20c452c0bdaf023cee80bbcec5fa206a595434a7a4a4eb566fbaed6770fd7fda",2,"2","age","gte","[13]"
"pattern_20c452c0bdaf023cee80bbcec5fa206a595434a7a4a4eb566fbaed6770fd7fda",2,"3","age","lt","[18]"
"pattern_20c452c0bdaf023cee80bbcec5fa206a595434a7a4a4eb566fbaed6770fd7fda",2,"4","parent2","equals","[1]"
"pattern_471661d59824e73a9c18dea1da87b774a74d15e1631de2f421d73043750ff2ce",1,"1","parent1","equals","[2]"
"pattern_471661d59824e73a9c18dea1da87b774a74d15e1631de2f421d73043750ff2ce",1,"2","age","gte","[13]"
"pattern_471661d59824e73a9c18dea1da87b774a74d15e1631de2f421d73043750ff2ce",1,"3","age","lt","[18]"
"pattern_2ca8a862d18d58092f9f66d57ba7e388aa165f8c033c2f6a15c95675b7e60ef8",1,"1","parent1","equals","[2]"
"pattern_2ca8a862d18d58092f9f66d57ba7e388aa165f8c033c2f6a15c95675b7e60ef8",1,"2","age","gte","[18]"
"pattern_a95007faeea7c36c0b0b490a090687d426f33c3324c2a62b32191f2cbf6e2730",1,"1","age","gte","[18]"
"pattern_a95007faeea7c36c0b0b490a090687d426f33c3324c2a62b32191f2cbf6e2730",2,"1","age","gte","[5]"
"pattern_a95007faeea7c36c0b0b490a090687d426f33c3324c2a62b32191f2cbf6e2730",2,"2","age","lt","[13]"
"pattern_a95007faeea7c36c0b0b490a090687d426f33c3324c2a62b32191f2cbf6e2730",3,"1","age","gte","[13]"
"pattern_a95007faeea7c36c0b0b490a090687d426f33c3324c2a62b32191f2cbf6e2730",3,"2","age","lt","[18]"
"pattern_a95007faeea7c36c0b0b490a090687d426f33c3324c2a62b32191f2cbf6e2730",3,"3","parent1","equals","[1]"
"pattern_2ad724b1928c3a35881867c7f5efdb5c5a63d6972605e2305e111500945c92b8",1,"1","age","gte","[13]"
"pattern_2ad724b1928c3a35881867c7f5efdb5c5a63d6972605e2305e111500945c92b8",1,"2","age","lt","[18]"
"pattern_2ad724b1928c3a35881867c7f5efdb5c5a63d6972605e2305e111500945c92b8",1,"3","parent1","equals","[1]"
"pattern_3b0a46a044dacf78595e82f5dd488a7f5c798335e361098270f1d5507f30f65c",1,"1","parent1","equals","[7]"
"pattern_3b0a46a044dacf78595e82f5dd488a7f5c798335e361098270f1d5507f30f65c",1,"2","age","gte","[18]"
"pattern_73725135ee3f20a7c9162a7815193cb2efb26e779a282647a132e0b830fc4046",1,"1","age","gte","[18]"
"pattern_73725135ee3f20a7c9162a7815193cb2efb26e779a282647a132e0b830fc4046",2,"1","age","gte","[13]"
"pattern_73725135ee3f20a7c9162a7815193cb2efb26e779a282647a132e0b830fc4046",2,"2","age","lt","[18]"
"pattern_73725135ee3f20a7c9162a7815193cb2efb26e779a282647a132e0b830fc4046",2,"3","parent1","equals","[1]"
"pattern_7bcf46fd09627e2a64762ec6532a93beba95f6b3934153444b3e7abc6babc3f4",1,"1","parent1","gte","[1]"
"pattern_7bcf46fd09627e2a64762ec6532a93beba95f6b3934153444b3e7abc6babc3f4",1,"2","age","gte","[18]"
"pattern_7bcf46fd09627e2a64762ec6532a93beba95f6b3934153444b3e7abc6babc3f4",1,"3","parent2","selected_any","[]"
"pattern_8993895d46282b7fbb4facad48b9758c359f0606a01213bca2a693ac06f27f46",1,"1","parent1","equals","[1]"
"pattern_8993895d46282b7fbb4facad48b9758c359f0606a01213bca2a693ac06f27f46",1,"2","age","gte","[18]"
"pattern_b536e28af6ec563423306efa85498381f5c3e3807932c22a943f2e1867f5f159",1,"1","parent1","selected_any","[]"
"pattern_b536e28af6ec563423306efa85498381f5c3e3807932c22a943f2e1867f5f159",1,"2","age","gte","[18]"
"pattern_b536e28af6ec563423306efa85498381f5c3e3807932c22a943f2e1867f5f159",2,"1","parent1","selected_any","[]"
"pattern_b536e28af6ec563423306efa85498381f5c3e3807932c22a943f2e1867f5f159",2,"2","age","gte","[16]"
"pattern_b536e28af6ec563423306efa85498381f5c3e3807932c22a943f2e1867f5f159",2,"3","age","lt","[18]"
"pattern_b536e28af6ec563423306efa85498381f5c3e3807932c22a943f2e1867f5f159",2,"4","parent2","equals","[1]"
"pattern_5c517e26ee561f4ee04d97e22ddab9188d7e2719b339224cddcef33bdd1612c2",1,"1","parent1","in","[2,3]"
"pattern_5c517e26ee561f4ee04d97e22ddab9188d7e2719b339224cddcef33bdd1612c2",1,"2","age","gte","[18]"
"pattern_5c517e26ee561f4ee04d97e22ddab9188d7e2719b339224cddcef33bdd1612c2",2,"1","parent1","in","[2,3]"
"pattern_5c517e26ee561f4ee04d97e22ddab9188d7e2719b339224cddcef33bdd1612c2",2,"2","age","gte","[16]"
"pattern_5c517e26ee561f4ee04d97e22ddab9188d7e2719b339224cddcef33bdd1612c2",2,"3","age","lt","[18]"
"pattern_5c517e26ee561f4ee04d97e22ddab9188d7e2719b339224cddcef33bdd1612c2",2,"4","parent2","equals","[1]"
"pattern_45e46b292b84fac4f09a3492cf52974449150e745d65357c7d5b5ecafe7f230d",1,"1","parent1","equals","[2]"
"pattern_45e46b292b84fac4f09a3492cf52974449150e745d65357c7d5b5ecafe7f230d",1,"2","age","gte","[18]"
"pattern_45e46b292b84fac4f09a3492cf52974449150e745d65357c7d5b5ecafe7f230d",2,"1","parent1","equals","[2]"
"pattern_45e46b292b84fac4f09a3492cf52974449150e745d65357c7d5b5ecafe7f230d",2,"2","age","gte","[16]"
"pattern_45e46b292b84fac4f09a3492cf52974449150e745d65357c7d5b5ecafe7f230d",2,"3","age","lt","[18]"
"pattern_45e46b292b84fac4f09a3492cf52974449150e745d65357c7d5b5ecafe7f230d",2,"4","parent2","equals","[1]"
"pattern_aa5664ce3b49108409af75ed829ec9f0839c79e7689c1ef439af284b8706d3e1",1,"1","parent1","equals","[2]"
"pattern_aa5664ce3b49108409af75ed829ec9f0839c79e7689c1ef439af284b8706d3e1",1,"2","age","gte","[18]"
"pattern_aa5664ce3b49108409af75ed829ec9f0839c79e7689c1ef439af284b8706d3e1",2,"1","parent1","equals","[2]"
"pattern_aa5664ce3b49108409af75ed829ec9f0839c79e7689c1ef439af284b8706d3e1",2,"2","age","gte","[13]"
"pattern_aa5664ce3b49108409af75ed829ec9f0839c79e7689c1ef439af284b8706d3e1",2,"3","age","lt","[18]"
"pattern_aa5664ce3b49108409af75ed829ec9f0839c79e7689c1ef439af284b8706d3e1",2,"4","parent2","equals","[1]"
"pattern_7e4ebe89b1d0b17913ac85d93aed3a3f5ac46d7ab068bad28750488f55a27bd9",1,"1","parent1","equals","[3]"
"pattern_7e4ebe89b1d0b17913ac85d93aed3a3f5ac46d7ab068bad28750488f55a27bd9",1,"2","age","gte","[18]"
"pattern_72ea9d9d79f41d2571dd6bd95183fd66cafa3e6b36573411ffaddac5eb38cd9a",1,"1","parent1","in","[2,3]"
"pattern_72ea9d9d79f41d2571dd6bd95183fd66cafa3e6b36573411ffaddac5eb38cd9a",1,"2","age","gte","[18]"
"pattern_72ea9d9d79f41d2571dd6bd95183fd66cafa3e6b36573411ffaddac5eb38cd9a",2,"1","parent1","in","[2,3]"
"pattern_72ea9d9d79f41d2571dd6bd95183fd66cafa3e6b36573411ffaddac5eb38cd9a",2,"2","age","gte","[13]"
"pattern_72ea9d9d79f41d2571dd6bd95183fd66cafa3e6b36573411ffaddac5eb38cd9a",2,"3","age","lt","[18]"
"pattern_72ea9d9d79f41d2571dd6bd95183fd66cafa3e6b36573411ffaddac5eb38cd9a",2,"4","parent2","equals","[1]"
"pattern_5949073d8fffbf890f7550a4613414b233f9681dd485fc793124029418d47f5d",1,"1","parent1","in","[2,3,4]"
"pattern_5949073d8fffbf890f7550a4613414b233f9681dd485fc793124029418d47f5d",1,"2","age","gte","[18]"
"pattern_5949073d8fffbf890f7550a4613414b233f9681dd485fc793124029418d47f5d",2,"1","parent1","in","[2,3,4]"
"pattern_5949073d8fffbf890f7550a4613414b233f9681dd485fc793124029418d47f5d",2,"2","age","gte","[13]"
"pattern_5949073d8fffbf890f7550a4613414b233f9681dd485fc793124029418d47f5d",2,"3","age","lt","[18]"
"pattern_5949073d8fffbf890f7550a4613414b233f9681dd485fc793124029418d47f5d",2,"4","parent2","equals","[1]"
"pattern_9801daaf5b29a1f5e637dfb8cb2a46ccc2da47029b636c94e0f9e626a65402f0",1,"1","age","gte","[5]"
"pattern_9801daaf5b29a1f5e637dfb8cb2a46ccc2da47029b636c94e0f9e626a65402f0",1,"2","age","lt","[13]"
"pattern_9801daaf5b29a1f5e637dfb8cb2a46ccc2da47029b636c94e0f9e626a65402f0",2,"1","age","gte","[18]"
"pattern_9801daaf5b29a1f5e637dfb8cb2a46ccc2da47029b636c94e0f9e626a65402f0",3,"1","age","gte","[13]"
"pattern_9801daaf5b29a1f5e637dfb8cb2a46ccc2da47029b636c94e0f9e626a65402f0",3,"2","age","lt","[18]"
"pattern_9801daaf5b29a1f5e637dfb8cb2a46ccc2da47029b636c94e0f9e626a65402f0",3,"3","parent1","equals","[1]"
"pattern_272d4e42c445e453be8492fbf3c32fa3009be6adc1c5ccb85a4474142183c8fd",1,"1","age","gte","[18]"
"pattern_272d4e42c445e453be8492fbf3c32fa3009be6adc1c5ccb85a4474142183c8fd",1,"2","age","lt","[55]"
"pattern_272d4e42c445e453be8492fbf3c32fa3009be6adc1c5ccb85a4474142183c8fd",1,"3","parent1","equals","[2]"
"pattern_2ca6a496a912b1ad02755509eb7c4855c489fe0b97ac793e9f16448fbd0d06ef",1,"1","age","gte","[18]"
"pattern_9b154432afd521d448839133d28ac2914ff02d5da16da4d7f9e89d1f9baaa8a8",1,"1","age","gte","[16]"
