"routing_rule_id","pattern_id","round_id","rule_type","replaces_rule_id","selected_code","decision_id"
"elig_route_f884b2aefd0f1f94ecaab9f6","pattern_20c452c0bdaf023cee80bbcec5fa206a595434a7a4a4eb566fbaed6770fd7fda","react1.r02","mandatory_gate","route_f884b2aefd0f1f94ecaab9f6","","eligibility-context-v1-2026-09-24"
"elig_route_805d879b36ed247c7b933a41","pattern_471661d59824e73a9c18dea1da87b774a74d15e1631de2f421d73043750ff2ce","react1.r03","mandatory_gate","route_805d879b36ed247c7b933a41","","eligibility-context-v1-2026-09-24"
"elig_route_c203d35805e76bbe5fd433fc","pattern_2ca8a862d18d58092f9f66d57ba7e388aa165f8c033c2f6a15c95675b7e60ef8","react1.r03","mandatory_gate","route_c203d35805e76bbe5fd433fc","","eligibility-context-v1-2026-09-24"
"elig_route_6cdea06398d0f9be41574163","pattern_20c452c0bdaf023cee80bbcec5fa206a595434a7a4a4eb566fbaed6770fd7fda","react1.r03","mandatory_gate","route_6cdea06398d0f9be41574163","","eligibility-context-v1-2026-09-24"
"elig_route_f255531ab56e9529a2c066ac","pattern_a95007faeea7c36c0b0b490a090687d426f33c3324c2a62b32191f2cbf6e2730","react1.r03","mandatory_gate","route_f255531ab56e9529a2c066ac","","eligibility-context-v1-2026-09-24"
"elig_route_b7086e822dbe0d5e39b755c7","pattern_2ad724b1928c3a35881867c7f5efdb5c5a63d6972605e2305e111500945c92b8","react1.r03","mandatory_gate","route_b7086e822dbe0d5e39b755c7","","eligibility-context-v1-2026-09-24"
"elig_route_a178b470e7002cfb9bf75557","pattern_a95007faeea7c36c0b0b490a090687d426f33c3324c2a62b32191f2cbf6e2730","react1.r03","mandatory_gate","route_a178b470e7002cfb9bf75557","","eligibility-context-v1-2026-09-24"
"elig_route_d2ddd091a9638a70d4491ebb","pattern_2ad724b1928c3a35881867c7f5efdb5c5a63d6972605e2305e111500945c92b8","react1.r03","mandatory_gate","route_d2ddd091a9638a70d4491ebb","","eligibility-context-v1-2026-09-24"
"elig_route_9afcda6fdd7b9600cb8266b0","pattern_471661d59824e73a9c18dea1da87b774a74d15e1631de2f421d73043750ff2ce","react1.r03","mandatory_gate","route_9afcda6fdd7b9600cb8266b0","","eligibility-context-v1-2026-09-24"
"elig_route_5ffb64949a24742c78faf9e9","pattern_2ca8a862d18d58092f9f66d57ba7e388aa165f8c033c2f6a15c95675b7e60ef8","react1.r03","mandatory_gate","route_5ffb64949a24742c78faf9e9","","eligibility-context-v1-2026-09-24"
"elig_route_1c5d46052bc970789b40e7bf","pattern_471661d59824e73a9c18dea1da87b774a74d15e1631de2f421d73043750ff2ce","react1.r04","mandatory_gate","route_1c5d46052bc970789b40e7bf","","eligibility-context-v1-2026-09-24"
"elig_route_a6c42109f8d5b4e256b5529d","pattern_2ca8a862d18d58092f9f66d57ba7e388aa165f8c033c2f6a15c95675b7e60ef8","react1.r04","mandatory_gate","route_a6c42109f8d5b4e256b5529d","","eligibility-context-v1-2026-09-24"
"elig_route_1fa040600712f19d8ce1c2ea","pattern_3b0a46a044dacf78595e82f5dd488a7f5c798335e361098270f1d5507f30f65c","react1.r04","mandatory_gate","route_1fa040600712f19d8ce1c2ea","","eligibility-context-v1-2026-09-24"
"elig_route_9a61f90f72f39927d16d3615","pattern_3b0a46a044dacf78595e82f5dd488a7f5c798335e361098270f1d5507f30f65c","react1.r04","mandatory_gate","route_9a61f90f72f39927d16d3615","","eligibility-context-v1-2026-09-24"
"elig_route_7be62551551e94cce2e78e57","pattern_20c452c0bdaf023cee80bbcec5fa206a595434a7a4a4eb566fbaed6770fd7fda","react1.r04","mandatory_gate","route_7be62551551e94cce2e78e57","","eligibility-context-v1-2026-09-24"
"elig_route_8f427865c8ab2e065307e769","pattern_73725135ee3f20a7c9162a7815193cb2efb26e779a282647a132e0b830fc4046","react1.r04","mandatory_gate","route_8f427865c8ab2e065307e769","","eligibility-context-v1-2026-09-24"
"elig_route_53f9e70fbf192e12c7c24b7b","pattern_471661d59824e73a9c18dea1da87b774a74d15e1631de2f421d73043750ff2ce","react1.r04","mandatory_gate","route_53f9e70fbf192e12c7c24b7b","","eligibility-context-v1-2026-09-24"
"elig_route_6233968b6257f302fa19930f","pattern_2ca8a862d18d58092f9f66d57ba7e388aa165f8c033c2f6a15c95675b7e60ef8","react1.r04","mandatory_gate","route_6233968b6257f302fa19930f","","eligibility-context-v1-2026-09-24"
"elig_route_efeb53f83153a6f216025abe","pattern_a95007faeea7c36c0b0b490a090687d426f33c3324c2a62b32191f2cbf6e2730","react1.r04","mandatory_gate","route_efeb53f83153a6f216025abe","","eligibility-context-v1-2026-09-24"
"elig_route_c82dca07350074dc1ea01735","pattern_471661d59824e73a9c18dea1da87b774a74d15e1631de2f421d73043750ff2ce","react1.r05","mandatory_gate","route_c82dca07350074dc1ea01735","","eligibility-context-v1-2026-09-24"
"elig_route_8c54f33cfcd3d8a3c3663836","pattern_2ca8a862d18d58092f9f66d57ba7e388aa165f8c033c2f6a15c95675b7e60ef8","react1.r05","mandatory_gate","route_8c54f33cfcd3d8a3c3663836","","eligibility-context-v1-2026-09-24"
"elig_route_9f3dc4e2901172c2342765f4","pattern_3b0a46a044dacf78595e82f5dd488a7f5c798335e361098270f1d5507f30f65c","react1.r05","mandatory_gate","route_9f3dc4e2901172c2342765f4","","eligibility-context-v1-2026-09-24"
"elig_route_95f80f333c7031f17d85ccf7","pattern_3b0a46a044dacf78595e82f5dd488a7f5c798335e361098270f1d5507f30f65c","react1.r05","mandatory_gate","route_95f80f333c7031f17d85ccf7","","eligibility-context-v1-2026-09-24"
"elig_route_c7a998dea4f3b156acfaf9e9","pattern_20c452c0bdaf023cee80bbcec5fa206a595434a7a4a4eb566fbaed6770fd7fda","react1.r05","mandatory_gate","route_c7a998dea4f3b156acfaf9e9","","eligibility-context-v1-2026-09-24"
"elig_route_4162780e792a59a0769160eb","pattern_471661d59824e73a9c18dea1da87b774a74d15e1631de2f421d73043750ff2ce","react1.r05","mandatory_gate","route_4162780e792a59a0769160eb","","eligibility-context-v1-2026-09-24"
"elig_route_a079554032c3e2ffac66b305","pattern_2ca8a862d18d58092f9f66d57ba7e388aa165f8c033c2f6a15c95675b7e60ef8","react1.r05","mandatory_gate","route_a079554032c3e2ffac66b305","","eligibility-context-v1-2026-09-24"
"elig_route_5988b1139d046560e3cf96ed","pattern_a95007faeea7c36c0b0b490a090687d426f33c3324c2a62b32191f2cbf6e2730","react1.r05","mandatory_gate","route_5988b1139d046560e3cf96ed","","eligibility-context-v1-2026-09-24"
"elig_route_27c5d87d61345aadf8f2203b","pattern_471661d59824e73a9c18dea1da87b774a74d15e1631de2f421d73043750ff2ce","react1.r06","mandatory_gate","route_27c5d87d61345aadf8f2203b","","eligibility-context-v1-2026-09-24"
"elig_route_70e3b14ea77fc68c971f8ffc","pattern_2ca8a862d18d58092f9f66d57ba7e388aa165f8c033c2f6a15c95675b7e60ef8","react1.r06","mandatory_gate","route_70e3b14ea77fc68c971f8ffc","","eligibility-context-v1-2026-09-24"
"elig_route_0551ff49111180503423e3a4","pattern_3b0a46a044dacf78595e82f5dd488a7f5c798335e361098270f1d5507f30f65c","react1.r06","mandatory_gate","route_0551ff49111180503423e3a4","","eligibility-context-v1-2026-09-24"
"elig_route_a5001ceac20ba3c1f38e8056","pattern_20c452c0bdaf023cee80bbcec5fa206a595434a7a4a4eb566fbaed6770fd7fda","react1.r06","mandatory_gate","route_a5001ceac20ba3c1f38e8056","","eligibility-context-v1-2026-09-24"
"elig_route_e801bacf46df3f7c2e0c3b53","pattern_471661d59824e73a9c18dea1da87b774a74d15e1631de2f421d73043750ff2ce","react1.r06","mandatory_gate","route_e801bacf46df3f7c2e0c3b53","","eligibility-context-v1-2026-09-24"
"elig_route_8c5029c8cf1a76301a010d44","pattern_2ca8a862d18d58092f9f66d57ba7e388aa165f8c033c2f6a15c95675b7e60ef8","react1.r06","mandatory_gate","route_8c5029c8cf1a76301a010d44","","eligibility-context-v1-2026-09-24"
"elig_route_98382ff9306172c8254962ee","pattern_a95007faeea7c36c0b0b490a090687d426f33c3324c2a62b32191f2cbf6e2730","react1.r06","mandatory_gate","route_98382ff9306172c8254962ee","","eligibility-context-v1-2026-09-24"
"elig_route_c1cf6c93335ccdca5871e786","pattern_471661d59824e73a9c18dea1da87b774a74d15e1631de2f421d73043750ff2ce","react1.r07","mandatory_gate","route_c1cf6c93335ccdca5871e786","","eligibility-context-v1-2026-09-24"
"elig_route_b1970268960c577d502a6c5c","pattern_2ca8a862d18d58092f9f66d57ba7e388aa165f8c033c2f6a15c95675b7e60ef8","react1.r07","mandatory_gate","route_b1970268960c577d502a6c5c","","eligibility-context-v1-2026-09-24"
"elig_route_fa4eca6338b89b1ef82fd9a7","pattern_7bcf46fd09627e2a64762ec6532a93beba95f6b3934153444b3e7abc6babc3f4","react1.r07","mandatory_gate","route_fa4eca6338b89b1ef82fd9a7","","eligibility-context-v1-2026-09-24"
"elig_route_b0db4ca319afffb8c448f7bd","pattern_8993895d46282b7fbb4facad48b9758c359f0606a01213bca2a693ac06f27f46","react1.r07","mandatory_gate","route_b0db4ca319afffb8c448f7bd","","eligibility-context-v1-2026-09-24"
"elig_route_46952c6f1287bf39937940bb","pattern_3b0a46a044dacf78595e82f5dd488a7f5c798335e361098270f1d5507f30f65c","react1.r07","mandatory_gate","route_46952c6f1287bf39937940bb","","eligibility-context-v1-2026-09-24"
"elig_route_b02f0ac8e23139cd5ced92b2","pattern_20c452c0bdaf023cee80bbcec5fa206a595434a7a4a4eb566fbaed6770fd7fda","react1.r07","mandatory_gate","route_b02f0ac8e23139cd5ced92b2","","eligibility-context-v1-2026-09-24"
"elig_route_64fba27d11487d20a432a09f","pattern_471661d59824e73a9c18dea1da87b774a74d15e1631de2f421d73043750ff2ce","react1.r07","mandatory_gate","route_64fba27d11487d20a432a09f","","eligibility-context-v1-2026-09-24"
"elig_route_f89ceb38326a2f2b56087ded","pattern_2ca8a862d18d58092f9f66d57ba7e388aa165f8c033c2f6a15c95675b7e60ef8","react1.r07","mandatory_gate","route_f89ceb38326a2f2b56087ded","","eligibility-context-v1-2026-09-24"
"elig_route_fa876d0d83221a5b24675847","pattern_a95007faeea7c36c0b0b490a090687d426f33c3324c2a62b32191f2cbf6e2730","react1.r07","mandatory_gate","route_fa876d0d83221a5b24675847","","eligibility-context-v1-2026-09-24"
"elig_route_21c4e1e849f43653eb586890","pattern_471661d59824e73a9c18dea1da87b774a74d15e1631de2f421d73043750ff2ce","react1.r08","mandatory_gate","route_21c4e1e849f43653eb586890","","eligibility-context-v1-2026-09-24"
"elig_route_744603347e714c196427ec87","pattern_2ca8a862d18d58092f9f66d57ba7e388aa165f8c033c2f6a15c95675b7e60ef8","react1.r08","mandatory_gate","route_744603347e714c196427ec87","","eligibility-context-v1-2026-09-24"
"elig_route_1386472a3a581ac0f8a22abb","pattern_7bcf46fd09627e2a64762ec6532a93beba95f6b3934153444b3e7abc6babc3f4","react1.r08","mandatory_gate","route_1386472a3a581ac0f8a22abb","","eligibility-context-v1-2026-09-24"
"elig_route_5c6720451d0fae9849ef9493","pattern_3b0a46a044dacf78595e82f5dd488a7f5c798335e361098270f1d5507f30f65c","react1.r08","mandatory_gate","route_5c6720451d0fae9849ef9493","","eligibility-context-v1-2026-09-24"
"elig_route_28bc527602a6f9e2aff154ce","pattern_3b0a46a044dacf78595e82f5dd488a7f5c798335e361098270f1d5507f30f65c","react1.r08","mandatory_gate","route_28bc527602a6f9e2aff154ce","","eligibility-context-v1-2026-09-24"
"elig_route_0f1d256c599288a5a8e94e81","pattern_20c452c0bdaf023cee80bbcec5fa206a595434a7a4a4eb566fbaed6770fd7fda","react1.r08","mandatory_gate","route_0f1d256c599288a5a8e94e81","","eligibility-context-v1-2026-09-24"
"elig_route_2f649bf2bc9cef0db2e545c3","pattern_471661d59824e73a9c18dea1da87b774a74d15e1631de2f421d73043750ff2ce","react1.r08","mandatory_gate","route_2f649bf2bc9cef0db2e545c3","","eligibility-context-v1-2026-09-24"
"elig_route_9f5c732ebfca4e506e745730","pattern_2ca8a862d18d58092f9f66d57ba7e388aa165f8c033c2f6a15c95675b7e60ef8","react1.r08","mandatory_gate","route_9f5c732ebfca4e506e745730","","eligibility-context-v1-2026-09-24"
"elig_route_ed0c719cb4f5eb13a40bbaa7","pattern_a95007faeea7c36c0b0b490a090687d426f33c3324c2a62b32191f2cbf6e2730","react1.r08","mandatory_gate","route_ed0c719cb4f5eb13a40bbaa7","","eligibility-context-v1-2026-09-24"
"elig_route_8971f8659408cfdcfce594be","pattern_471661d59824e73a9c18dea1da87b774a74d15e1631de2f421d73043750ff2ce","react1.r09","mandatory_gate","route_8971f8659408cfdcfce594be","","eligibility-context-v1-2026-09-24"
"elig_route_a400a0a4c12044651a267dc4","pattern_2ca8a862d18d58092f9f66d57ba7e388aa165f8c033c2f6a15c95675b7e60ef8","react1.r09","mandatory_gate","route_a400a0a4c12044651a267dc4","","eligibility-context-v1-2026-09-24"
"elig_route_bbf3bfc55cbbe1824902941c","pattern_7bcf46fd09627e2a64762ec6532a93beba95f6b3934153444b3e7abc6babc3f4","react1.r09","mandatory_gate","route_bbf3bfc55cbbe1824902941c","","eligibility-context-v1-2026-09-24"
"elig_route_4dd43ba01d297fc61cd88374","pattern_2ca8a862d18d58092f9f66d57ba7e388aa165f8c033c2f6a15c95675b7e60ef8","react1.r09","mandatory_gate","route_4dd43ba01d297fc61cd88374","","eligibility-context-v1-2026-09-24"
"elig_route_27bf479d8593caa5ffa3f675","pattern_3b0a46a044dacf78595e82f5dd488a7f5c798335e361098270f1d5507f30f65c","react1.r09","mandatory_gate","route_27bf479d8593caa5ffa3f675","","eligibility-context-v1-2026-09-24"
"elig_route_3fbe40e19dd18967be0875f0","pattern_3b0a46a044dacf78595e82f5dd488a7f5c798335e361098270f1d5507f30f65c","react1.r09","mandatory_gate","route_3fbe40e19dd18967be0875f0","","eligibility-context-v1-2026-09-24"
"elig_route_8f4cc07fc5515768d79471c5","pattern_20c452c0bdaf023cee80bbcec5fa206a595434a7a4a4eb566fbaed6770fd7fda","react1.r09","mandatory_gate","route_8f4cc07fc5515768d79471c5","","eligibility-context-v1-2026-09-24"
"elig_route_4d9a9deb011f084d89d66d4d","pattern_b536e28af6ec563423306efa85498381f5c3e3807932c22a943f2e1867f5f159","react1.r09","mandatory_gate","route_4d9a9deb011f084d89d66d4d","","eligibility-context-v1-2026-09-24"
"elig_route_30ef929eecaed48465037fa3","pattern_5c517e26ee561f4ee04d97e22ddab9188d7e2719b339224cddcef33bdd1612c2","react1.r09","mandatory_gate","route_30ef929eecaed48465037fa3","","eligibility-context-v1-2026-09-24"
"elig_route_0ed68e6f6705b14ed4967287","pattern_45e46b292b84fac4f09a3492cf52974449150e745d65357c7d5b5ecafe7f230d","react1.r09","mandatory_gate","route_0ed68e6f6705b14ed4967287","","eligibility-context-v1-2026-09-24"
"elig_route_0b28ca04c42950ece82c9db5","pattern_b536e28af6ec563423306efa85498381f5c3e3807932c22a943f2e1867f5f159","react1.r09","mandatory_gate","route_0b28ca04c42950ece82c9db5","","eligibility-context-v1-2026-09-24"
"elig_route_7c554927f893dde4e878fbfb","pattern_471661d59824e73a9c18dea1da87b774a74d15e1631de2f421d73043750ff2ce","react1.r09","mandatory_gate","route_7c554927f893dde4e878fbfb","","eligibility-context-v1-2026-09-24"
"elig_route_08ab87215380c4543b7426c6","pattern_2ca8a862d18d58092f9f66d57ba7e388aa165f8c033c2f6a15c95675b7e60ef8","react1.r09","mandatory_gate","route_08ab87215380c4543b7426c6","","eligibility-context-v1-2026-09-24"
"elig_route_ae2c68bf85b8460e2b4f1c11","pattern_a95007faeea7c36c0b0b490a090687d426f33c3324c2a62b32191f2cbf6e2730","react1.r09","mandatory_gate","route_ae2c68bf85b8460e2b4f1c11","","eligibility-context-v1-2026-09-24"
"elig_route_f463a5d1829caf06bf0af345","pattern_471661d59824e73a9c18dea1da87b774a74d15e1631de2f421d73043750ff2ce","react1.r10","mandatory_gate","route_f463a5d1829caf06bf0af345","","eligibility-context-v1-2026-09-24"
"elig_route_597a8f57f7605382bb7db4c3","pattern_2ca8a862d18d58092f9f66d57ba7e388aa165f8c033c2f6a15c95675b7e60ef8","react1.r10","mandatory_gate","route_597a8f57f7605382bb7db4c3","","eligibility-context-v1-2026-09-24"
"elig_route_5d3563a8eccd015d3886daff","pattern_7bcf46fd09627e2a64762ec6532a93beba95f6b3934153444b3e7abc6babc3f4","react1.r10","mandatory_gate","route_5d3563a8eccd015d3886daff","","eligibility-context-v1-2026-09-24"
"elig_route_f7aee97d46c94c1c5a6b01e3","pattern_2ca8a862d18d58092f9f66d57ba7e388aa165f8c033c2f6a15c95675b7e60ef8","react1.r10","mandatory_gate","route_f7aee97d46c94c1c5a6b01e3","","eligibility-context-v1-2026-09-24"
"elig_route_66875d7e71fac8d8da735614","pattern_3b0a46a044dacf78595e82f5dd488a7f5c798335e361098270f1d5507f30f65c","react1.r10","mandatory_gate","route_66875d7e71fac8d8da735614","","eligibility-context-v1-2026-09-24"
"elig_route_df0c4cb5830d47b23198e4a2","pattern_3b0a46a044dacf78595e82f5dd488a7f5c798335e361098270f1d5507f30f65c","react1.r10","mandatory_gate","route_df0c4cb5830d47b23198e4a2","","eligibility-context-v1-2026-09-24"
"elig_route_b94dd412306475f15deba1eb","pattern_20c452c0bdaf023cee80bbcec5fa206a595434a7a4a4eb566fbaed6770fd7fda","react1.r10","mandatory_gate","route_b94dd412306475f15deba1eb","","eligibility-context-v1-2026-09-24"
"elig_route_bd73fb72103654f30e560a3d","pattern_b536e28af6ec563423306efa85498381f5c3e3807932c22a943f2e1867f5f159","react1.r10","mandatory_gate","route_bd73fb72103654f30e560a3d","","eligibility-context-v1-2026-09-24"
"elig_route_d82d8092609084176b51e6c8","pattern_5c517e26ee561f4ee04d97e22ddab9188d7e2719b339224cddcef33bdd1612c2","react1.r10","mandatory_gate","route_d82d8092609084176b51e6c8","","eligibility-context-v1-2026-09-24"
"elig_route_360473e66c09edd71c8d9032","pattern_45e46b292b84fac4f09a3492cf52974449150e745d65357c7d5b5ecafe7f230d","react1.r10","mandatory_gate","route_360473e66c09edd71c8d9032","","eligibility-context-v1-2026-09-24"
"elig_route_728df739da130f2a87cbc347","pattern_b536e28af6ec563423306efa85498381f5c3e3807932c22a943f2e1867f5f159","react1.r10","mandatory_gate","route_728df739da130f2a87cbc347","","eligibility-context-v1-2026-09-24"
"elig_route_978375808bf9b7b589cb6357","pattern_471661d59824e73a9c18dea1da87b774a74d15e1631de2f421d73043750ff2ce","react1.r10","mandatory_gate","route_978375808bf9b7b589cb6357","","eligibility-context-v1-2026-09-24"
"elig_route_b0a3e24bb89fbaa4bbc0cf17","pattern_2ca8a862d18d58092f9f66d57ba7e388aa165f8c033c2f6a15c95675b7e60ef8","react1.r10","mandatory_gate","route_b0a3e24bb89fbaa4bbc0cf17","","eligibility-context-v1-2026-09-24"
"elig_route_0d46217ef1724ec2286b19d3","pattern_a95007faeea7c36c0b0b490a090687d426f33c3324c2a62b32191f2cbf6e2730","react1.r10","mandatory_gate","route_0d46217ef1724ec2286b19d3","","eligibility-context-v1-2026-09-24"
"elig_route_9b5ee09c75094d1884cf723c","pattern_471661d59824e73a9c18dea1da87b774a74d15e1631de2f421d73043750ff2ce","react1.r11","mandatory_gate","route_9b5ee09c75094d1884cf723c","","eligibility-context-v1-2026-09-24"
"elig_route_25c27a07b217a626ef2cd252","pattern_2ca8a862d18d58092f9f66d57ba7e388aa165f8c033c2f6a15c95675b7e60ef8","react1.r11","mandatory_gate","route_25c27a07b217a626ef2cd252","","eligibility-context-v1-2026-09-24"
"elig_route_db342d8a6b4a6e300c725091","pattern_7bcf46fd09627e2a64762ec6532a93beba95f6b3934153444b3e7abc6babc3f4","react1.r11","mandatory_gate","route_db342d8a6b4a6e300c725091","","eligibility-context-v1-2026-09-24"
"elig_route_bc47a0d95ba2b2e03c7abbbc","pattern_2ca8a862d18d58092f9f66d57ba7e388aa165f8c033c2f6a15c95675b7e60ef8","react1.r11","mandatory_gate","route_bc47a0d95ba2b2e03c7abbbc","","eligibility-context-v1-2026-09-24"
"elig_route_4787313256fb9d89d325561e","pattern_3b0a46a044dacf78595e82f5dd488a7f5c798335e361098270f1d5507f30f65c","react1.r11","mandatory_gate","route_4787313256fb9d89d325561e","","eligibility-context-v1-2026-09-24"
"elig_route_bfe289cd0ea79eca37b5b014","pattern_3b0a46a044dacf78595e82f5dd488a7f5c798335e361098270f1d5507f30f65c","react1.r11","mandatory_gate","route_bfe289cd0ea79eca37b5b014","","eligibility-context-v1-2026-09-24"
"elig_route_41f632875610fa3098bbdfa5","pattern_20c452c0bdaf023cee80bbcec5fa206a595434a7a4a4eb566fbaed6770fd7fda","react1.r11","mandatory_gate","route_41f632875610fa3098bbdfa5","","eligibility-context-v1-2026-09-24"
"elig_route_bd43ff37656617bd0e55ba16","pattern_b536e28af6ec563423306efa85498381f5c3e3807932c22a943f2e1867f5f159","react1.r11","mandatory_gate","route_bd43ff37656617bd0e55ba16","","eligibility-context-v1-2026-09-24"
"elig_route_e1d0704d448d56cec4bf990f","pattern_5c517e26ee561f4ee04d97e22ddab9188d7e2719b339224cddcef33bdd1612c2","react1.r11","mandatory_gate","route_e1d0704d448d56cec4bf990f","","eligibility-context-v1-2026-09-24"
"elig_route_690901435f4292868157dcbf","pattern_45e46b292b84fac4f09a3492cf52974449150e745d65357c7d5b5ecafe7f230d","react1.r11","mandatory_gate","route_690901435f4292868157dcbf","","eligibility-context-v1-2026-09-24"
"elig_route_958bdb1088844409ac7aee05","pattern_b536e28af6ec563423306efa85498381f5c3e3807932c22a943f2e1867f5f159","react1.r11","mandatory_gate","route_958bdb1088844409ac7aee05","","eligibility-context-v1-2026-09-24"
"elig_route_bdd17a489bcf9609a3b5cdbc","pattern_471661d59824e73a9c18dea1da87b774a74d15e1631de2f421d73043750ff2ce","react1.r11","mandatory_gate","route_bdd17a489bcf9609a3b5cdbc","","eligibility-context-v1-2026-09-24"
"elig_route_8ace599f10e87c25e89eb6a0","pattern_2ca8a862d18d58092f9f66d57ba7e388aa165f8c033c2f6a15c95675b7e60ef8","react1.r11","mandatory_gate","route_8ace599f10e87c25e89eb6a0","","eligibility-context-v1-2026-09-24"
"elig_route_20add507459ca984e6034b1c","pattern_a95007faeea7c36c0b0b490a090687d426f33c3324c2a62b32191f2cbf6e2730","react1.r11","mandatory_gate","route_20add507459ca984e6034b1c","","eligibility-context-v1-2026-09-24"
"elig_route_0349fb4d5967316465c00387","pattern_471661d59824e73a9c18dea1da87b774a74d15e1631de2f421d73043750ff2ce","react1.r12","mandatory_gate","route_0349fb4d5967316465c00387","","eligibility-context-v1-2026-09-24"
"elig_route_e316cd498c5f30be8e360e2f","pattern_2ca8a862d18d58092f9f66d57ba7e388aa165f8c033c2f6a15c95675b7e60ef8","react1.r12","mandatory_gate","route_e316cd498c5f30be8e360e2f","","eligibility-context-v1-2026-09-24"
"elig_route_e8b39ccba31d7f5450dd80c6","pattern_7bcf46fd09627e2a64762ec6532a93beba95f6b3934153444b3e7abc6babc3f4","react1.r12","mandatory_gate","route_e8b39ccba31d7f5450dd80c6","","eligibility-context-v1-2026-09-24"
"elig_route_f7d4cde31e9b756b3b7afa61","pattern_3b0a46a044dacf78595e82f5dd488a7f5c798335e361098270f1d5507f30f65c","react1.r12","mandatory_gate","route_f7d4cde31e9b756b3b7afa61","","eligibility-context-v1-2026-09-24"
"elig_route_a56c86c19a80b888c91069ff","pattern_3b0a46a044dacf78595e82f5dd488a7f5c798335e361098270f1d5507f30f65c","react1.r12","mandatory_gate","route_a56c86c19a80b888c91069ff","","eligibility-context-v1-2026-09-24"
"elig_route_2b66f26ad81e1077b7ab4bd7","pattern_20c452c0bdaf023cee80bbcec5fa206a595434a7a4a4eb566fbaed6770fd7fda","react1.r12","mandatory_gate","route_2b66f26ad81e1077b7ab4bd7","","eligibility-context-v1-2026-09-24"
"elig_route_c16df11aefd1df53a1b9afe6","pattern_b536e28af6ec563423306efa85498381f5c3e3807932c22a943f2e1867f5f159","react1.r12","mandatory_gate","route_c16df11aefd1df53a1b9afe6","","eligibility-context-v1-2026-09-24"
"elig_route_54782e9be5d661c24b1f223f","pattern_5c517e26ee561f4ee04d97e22ddab9188d7e2719b339224cddcef33bdd1612c2","react1.r12","mandatory_gate","route_54782e9be5d661c24b1f223f","","eligibility-context-v1-2026-09-24"
"elig_route_5dff605965219e27a94a6860","pattern_45e46b292b84fac4f09a3492cf52974449150e745d65357c7d5b5ecafe7f230d","react1.r12","mandatory_gate","route_5dff605965219e27a94a6860","","eligibility-context-v1-2026-09-24"
"elig_route_3625f5fe88bc7aaaaa79dd2c","pattern_b536e28af6ec563423306efa85498381f5c3e3807932c22a943f2e1867f5f159","react1.r12","mandatory_gate","route_3625f5fe88bc7aaaaa79dd2c","","eligibility-context-v1-2026-09-24"
"elig_route_2d7d19185decd6e91f343b1b","pattern_471661d59824e73a9c18dea1da87b774a74d15e1631de2f421d73043750ff2ce","react1.r12","mandatory_gate","route_2d7d19185decd6e91f343b1b","","eligibility-context-v1-2026-09-24"
"elig_route_3c97b2fcfe50eccbeb5a49c8","pattern_2ca8a862d18d58092f9f66d57ba7e388aa165f8c033c2f6a15c95675b7e60ef8","react1.r12","mandatory_gate","route_3c97b2fcfe50eccbeb5a49c8","","eligibility-context-v1-2026-09-24"
"elig_route_ababf27d0125158a90a824c3","pattern_a95007faeea7c36c0b0b490a090687d426f33c3324c2a62b32191f2cbf6e2730","react1.r12","mandatory_gate","route_ababf27d0125158a90a824c3","","eligibility-context-v1-2026-09-24"
"elig_route_fcdc0c5514598de2ef7049cb","pattern_471661d59824e73a9c18dea1da87b774a74d15e1631de2f421d73043750ff2ce","react1.r13","mandatory_gate","route_fcdc0c5514598de2ef7049cb","","eligibility-context-v1-2026-09-24"
"elig_route_be7846acc649cec6ecb27633","pattern_2ca8a862d18d58092f9f66d57ba7e388aa165f8c033c2f6a15c95675b7e60ef8","react1.r13","mandatory_gate","route_be7846acc649cec6ecb27633","","eligibility-context-v1-2026-09-24"
"elig_route_6fe11948fa3ff7ad89caf5c6","pattern_7bcf46fd09627e2a64762ec6532a93beba95f6b3934153444b3e7abc6babc3f4","react1.r13","mandatory_gate","route_6fe11948fa3ff7ad89caf5c6","","eligibility-context-v1-2026-09-24"
"elig_route_a46284986adf2089ae9e7e5e","pattern_3b0a46a044dacf78595e82f5dd488a7f5c798335e361098270f1d5507f30f65c","react1.r13","mandatory_gate","route_a46284986adf2089ae9e7e5e","","eligibility-context-v1-2026-09-24"
"elig_route_8d7c6783aefe5c59eb850dfc","pattern_3b0a46a044dacf78595e82f5dd488a7f5c798335e361098270f1d5507f30f65c","react1.r13","mandatory_gate","route_8d7c6783aefe5c59eb850dfc","","eligibility-context-v1-2026-09-24"
"elig_route_719ea1dd28f4d922cbfcb587","pattern_20c452c0bdaf023cee80bbcec5fa206a595434a7a4a4eb566fbaed6770fd7fda","react1.r13","mandatory_gate","route_719ea1dd28f4d922cbfcb587","","eligibility-context-v1-2026-09-24"
"elig_route_4902a9a573c2f0035a06f4a2","pattern_b536e28af6ec563423306efa85498381f5c3e3807932c22a943f2e1867f5f159","react1.r13","mandatory_gate","route_4902a9a573c2f0035a06f4a2","","eligibility-context-v1-2026-09-24"
"elig_route_208dde9009a99f7f306bbb02","pattern_5c517e26ee561f4ee04d97e22ddab9188d7e2719b339224cddcef33bdd1612c2","react1.r13","mandatory_gate","route_208dde9009a99f7f306bbb02","","eligibility-context-v1-2026-09-24"
"elig_route_84811519dea89eca37c0af04","pattern_45e46b292b84fac4f09a3492cf52974449150e745d65357c7d5b5ecafe7f230d","react1.r13","mandatory_gate","route_84811519dea89eca37c0af04","","eligibility-context-v1-2026-09-24"
"elig_route_555402e6d9c9ea17bdf71db1","pattern_b536e28af6ec563423306efa85498381f5c3e3807932c22a943f2e1867f5f159","react1.r13","mandatory_gate","route_555402e6d9c9ea17bdf71db1","","eligibility-context-v1-2026-09-24"
"elig_route_2b47b6b26977ce3205e4e60a","pattern_471661d59824e73a9c18dea1da87b774a74d15e1631de2f421d73043750ff2ce","react1.r13","mandatory_gate","route_2b47b6b26977ce3205e4e60a","","eligibility-context-v1-2026-09-24"
"elig_route_ec473c72d161a4e5e574229d","pattern_2ca8a862d18d58092f9f66d57ba7e388aa165f8c033c2f6a15c95675b7e60ef8","react1.r13","mandatory_gate","route_ec473c72d161a4e5e574229d","","eligibility-context-v1-2026-09-24"
"elig_route_6da0f68979495f64d7b7f029","pattern_a95007faeea7c36c0b0b490a090687d426f33c3324c2a62b32191f2cbf6e2730","react1.r13","mandatory_gate","route_6da0f68979495f64d7b7f029","","eligibility-context-v1-2026-09-24"
"elig_route_ea5408cb1523047ec534d514","pattern_471661d59824e73a9c18dea1da87b774a74d15e1631de2f421d73043750ff2ce","react1.r14","mandatory_gate","route_ea5408cb1523047ec534d514","","eligibility-context-v1-2026-09-24"
"elig_route_28fe0b1f0fed909b62b77506","pattern_2ca8a862d18d58092f9f66d57ba7e388aa165f8c033c2f6a15c95675b7e60ef8","react1.r14","mandatory_gate","route_28fe0b1f0fed909b62b77506","","eligibility-context-v1-2026-09-24"
"elig_route_a328f0a2c645d492606f7496","pattern_7bcf46fd09627e2a64762ec6532a93beba95f6b3934153444b3e7abc6babc3f4","react1.r14","mandatory_gate","route_a328f0a2c645d492606f7496","","eligibility-context-v1-2026-09-24"
"elig_route_1941ee36d421f5141759ad34","pattern_3b0a46a044dacf78595e82f5dd488a7f5c798335e361098270f1d5507f30f65c","react1.r14","mandatory_gate","route_1941ee36d421f5141759ad34","","eligibility-context-v1-2026-09-24"
"elig_route_594054a35b841c6a2a09a479","pattern_3b0a46a044dacf78595e82f5dd488a7f5c798335e361098270f1d5507f30f65c","react1.r14","mandatory_gate","route_594054a35b841c6a2a09a479","","eligibility-context-v1-2026-09-24"
"elig_route_644dba69ef1d21de09c9a392","pattern_20c452c0bdaf023cee80bbcec5fa206a595434a7a4a4eb566fbaed6770fd7fda","react1.r14","mandatory_gate","route_644dba69ef1d21de09c9a392","","eligibility-context-v1-2026-09-24"
"elig_route_b46cf065c2b454ebf71c17a5","pattern_aa5664ce3b49108409af75ed829ec9f0839c79e7689c1ef439af284b8706d3e1","react1.r14","mandatory_gate","route_b46cf065c2b454ebf71c17a5","","eligibility-context-v1-2026-09-24"
"elig_route_7e11b71f9775f20279ddac78","pattern_b536e28af6ec563423306efa85498381f5c3e3807932c22a943f2e1867f5f159","react1.r14","mandatory_gate","route_7e11b71f9775f20279ddac78","","eligibility-context-v1-2026-09-24"
"elig_route_8f35c5afa398e98da5782325","pattern_471661d59824e73a9c18dea1da87b774a74d15e1631de2f421d73043750ff2ce","react1.r14","mandatory_gate","route_8f35c5afa398e98da5782325","","eligibility-context-v1-2026-09-24"
"elig_route_57c98c5dba4f8f85d5fd2756","pattern_2ca8a862d18d58092f9f66d57ba7e388aa165f8c033c2f6a15c95675b7e60ef8","react1.r14","mandatory_gate","route_57c98c5dba4f8f85d5fd2756","","eligibility-context-v1-2026-09-24"
"elig_route_34a639d4a930c9104af7b99d","pattern_a95007faeea7c36c0b0b490a090687d426f33c3324c2a62b32191f2cbf6e2730","react1.r14","mandatory_gate","route_34a639d4a930c9104af7b99d","","eligibility-context-v1-2026-09-24"
"elig_route_4931ed4e3caa4f624e7a4ec3","pattern_7e4ebe89b1d0b17913ac85d93aed3a3f5ac46d7ab068bad28750488f55a27bd9","react1.r14","mandatory_gate","route_4931ed4e3caa4f624e7a4ec3","","eligibility-context-v1-2026-09-24"
"elig_route_104ddcad8ea8a1fe5bb362a9","pattern_471661d59824e73a9c18dea1da87b774a74d15e1631de2f421d73043750ff2ce","react1.r15","mandatory_gate","route_104ddcad8ea8a1fe5bb362a9","","eligibility-context-v1-2026-09-24"
"elig_route_97837191cdfc07be0cac8312","pattern_2ca8a862d18d58092f9f66d57ba7e388aa165f8c033c2f6a15c95675b7e60ef8","react1.r15","mandatory_gate","route_97837191cdfc07be0cac8312","","eligibility-context-v1-2026-09-24"
"elig_route_9d03846cf63bd9400b6f9ca9","pattern_7bcf46fd09627e2a64762ec6532a93beba95f6b3934153444b3e7abc6babc3f4","react1.r15","mandatory_gate","route_9d03846cf63bd9400b6f9ca9","","eligibility-context-v1-2026-09-24"
"elig_route_3f19cf856c170dfc022bda7f","pattern_3b0a46a044dacf78595e82f5dd488a7f5c798335e361098270f1d5507f30f65c","react1.r15","mandatory_gate","route_3f19cf856c170dfc022bda7f","","eligibility-context-v1-2026-09-24"
"elig_route_6f80d51d62091c82e0dd4c5d","pattern_3b0a46a044dacf78595e82f5dd488a7f5c798335e361098270f1d5507f30f65c","react1.r15","mandatory_gate","route_6f80d51d62091c82e0dd4c5d","","eligibility-context-v1-2026-09-24"
"elig_route_ef623d190595969b634d3005","pattern_20c452c0bdaf023cee80bbcec5fa206a595434a7a4a4eb566fbaed6770fd7fda","react1.r15","mandatory_gate","route_ef623d190595969b634d3005","","eligibility-context-v1-2026-09-24"
"elig_route_7fae000f5ca53c1b754ddaf5","pattern_aa5664ce3b49108409af75ed829ec9f0839c79e7689c1ef439af284b8706d3e1","react1.r15","mandatory_gate","route_7fae000f5ca53c1b754ddaf5","","eligibility-context-v1-2026-09-24"
"elig_route_9a6b6c857f773a06794ec623","pattern_b536e28af6ec563423306efa85498381f5c3e3807932c22a943f2e1867f5f159","react1.r15","mandatory_gate","route_9a6b6c857f773a06794ec623","","eligibility-context-v1-2026-09-24"
"elig_route_9a7d2456f9b04fc11db8b5da","pattern_471661d59824e73a9c18dea1da87b774a74d15e1631de2f421d73043750ff2ce","react1.r15","mandatory_gate","route_9a7d2456f9b04fc11db8b5da","","eligibility-context-v1-2026-09-24"
"elig_route_d3edfeb706205567efe8f9dc","pattern_2ca8a862d18d58092f9f66d57ba7e388aa165f8c033c2f6a15c95675b7e60ef8","react1.r15","mandatory_gate","route_d3edfeb706205567efe8f9dc","","eligibility-context-v1-2026-09-24"
"elig_route_08e2a58912d6d5f6f4c2aa13","pattern_a95007faeea7c36c0b0b490a090687d426f33c3324c2a62b32191f2cbf6e2730","react1.r15","mandatory_gate","route_08e2a58912d6d5f6f4c2aa13","","eligibility-context-v1-2026-09-24"
"elig_route_8b9112e94ef9794e59cf3383","pattern_471661d59824e73a9c18dea1da87b774a74d15e1631de2f421d73043750ff2ce","react1.r16","mandatory_gate","route_8b9112e94ef9794e59cf3383","","eligibility-context-v1-2026-09-24"
"elig_route_f5c14cfd3c9e6b2d856843ed","pattern_2ca8a862d18d58092f9f66d57ba7e388aa165f8c033c2f6a15c95675b7e60ef8","react1.r16","mandatory_gate","route_f5c14cfd3c9e6b2d856843ed","","eligibility-context-v1-2026-09-24"
"elig_route_06878e3ee64582a86eb2c305","pattern_7bcf46fd09627e2a64762ec6532a93beba95f6b3934153444b3e7abc6babc3f4","react1.r16","mandatory_gate","route_06878e3ee64582a86eb2c305","","eligibility-context-v1-2026-09-24"
"elig_route_f10790cabdfe46fed4399163","pattern_3b0a46a044dacf78595e82f5dd488a7f5c798335e361098270f1d5507f30f65c","react1.r16","mandatory_gate","route_f10790cabdfe46fed4399163","","eligibility-context-v1-2026-09-24"
"elig_route_84b546d0eda9d7219c1fbc45","pattern_3b0a46a044dacf78595e82f5dd488a7f5c798335e361098270f1d5507f30f65c","react1.r16","mandatory_gate","route_84b546d0eda9d7219c1fbc45","","eligibility-context-v1-2026-09-24"
"elig_route_c6f4d565c8faa02b73eef4b0","pattern_20c452c0bdaf023cee80bbcec5fa206a595434a7a4a4eb566fbaed6770fd7fda","react1.r16","mandatory_gate","route_c6f4d565c8faa02b73eef4b0","","eligibility-context-v1-2026-09-24"
"elig_route_6f76e51eaa30665206cf9264","pattern_aa5664ce3b49108409af75ed829ec9f0839c79e7689c1ef439af284b8706d3e1","react1.r16","mandatory_gate","route_6f76e51eaa30665206cf9264","","eligibility-context-v1-2026-09-24"
"elig_route_c0d32743cb43608dda386494","pattern_b536e28af6ec563423306efa85498381f5c3e3807932c22a943f2e1867f5f159","react1.r16","mandatory_gate","route_c0d32743cb43608dda386494","","eligibility-context-v1-2026-09-24"
"elig_route_66b8df095401b9a74d959374","pattern_471661d59824e73a9c18dea1da87b774a74d15e1631de2f421d73043750ff2ce","react1.r16","mandatory_gate","route_66b8df095401b9a74d959374","","eligibility-context-v1-2026-09-24"
"elig_route_ccc6c989849a03bbeb67a230","pattern_2ca8a862d18d58092f9f66d57ba7e388aa165f8c033c2f6a15c95675b7e60ef8","react1.r16","mandatory_gate","route_ccc6c989849a03bbeb67a230","","eligibility-context-v1-2026-09-24"
"elig_route_20188e1d6857d2c98c776896","pattern_a95007faeea7c36c0b0b490a090687d426f33c3324c2a62b32191f2cbf6e2730","react1.r16","mandatory_gate","route_20188e1d6857d2c98c776896","","eligibility-context-v1-2026-09-24"
"elig_route_a5d88309512fd52787a07982","pattern_471661d59824e73a9c18dea1da87b774a74d15e1631de2f421d73043750ff2ce","react1.r17","mandatory_gate","route_a5d88309512fd52787a07982","","eligibility-context-v1-2026-09-24"
"elig_route_4e1988aee559f649c1f2949a","pattern_2ca8a862d18d58092f9f66d57ba7e388aa165f8c033c2f6a15c95675b7e60ef8","react1.r17","mandatory_gate","route_4e1988aee559f649c1f2949a","","eligibility-context-v1-2026-09-24"
"elig_route_da4898db7d9e22991964acd2","pattern_7bcf46fd09627e2a64762ec6532a93beba95f6b3934153444b3e7abc6babc3f4","react1.r17","mandatory_gate","route_da4898db7d9e22991964acd2","","eligibility-context-v1-2026-09-24"
"elig_route_29c625db2da090affc563c73","pattern_3b0a46a044dacf78595e82f5dd488a7f5c798335e361098270f1d5507f30f65c","react1.r17","mandatory_gate","route_29c625db2da090affc563c73","","eligibility-context-v1-2026-09-24"
"elig_route_263a2cf53effd9b1ff61c829","pattern_3b0a46a044dacf78595e82f5dd488a7f5c798335e361098270f1d5507f30f65c","react1.r17","mandatory_gate","route_263a2cf53effd9b1ff61c829","","eligibility-context-v1-2026-09-24"
"elig_route_52cf9f73f34bbf5540a358bb","pattern_20c452c0bdaf023cee80bbcec5fa206a595434a7a4a4eb566fbaed6770fd7fda","react1.r17","mandatory_gate","route_52cf9f73f34bbf5540a358bb","","eligibility-context-v1-2026-09-24"
"elig_route_0a9b2f11d53ee1060f7c5b80","pattern_72ea9d9d79f41d2571dd6bd95183fd66cafa3e6b36573411ffaddac5eb38cd9a","react1.r17","mandatory_gate","route_0a9b2f11d53ee1060f7c5b80","","eligibility-context-v1-2026-09-24"
"elig_route_a745e99747e8b387996f3fe9","pattern_5949073d8fffbf890f7550a4613414b233f9681dd485fc793124029418d47f5d","react1.r17","mandatory_gate","route_a745e99747e8b387996f3fe9","","eligibility-context-v1-2026-09-24"
"elig_route_dd27d706f65074a61b50e227","pattern_72ea9d9d79f41d2571dd6bd95183fd66cafa3e6b36573411ffaddac5eb38cd9a","react1.r17","mandatory_gate","route_dd27d706f65074a61b50e227","","eligibility-context-v1-2026-09-24"
"elig_route_1f2e8f40cb47691dca6fc999","pattern_aa5664ce3b49108409af75ed829ec9f0839c79e7689c1ef439af284b8706d3e1","react1.r17","mandatory_gate","route_1f2e8f40cb47691dca6fc999","","eligibility-context-v1-2026-09-24"
"elig_route_9d4fa0cd5d1988b5138ee20e","pattern_b536e28af6ec563423306efa85498381f5c3e3807932c22a943f2e1867f5f159","react1.r17","mandatory_gate","route_9d4fa0cd5d1988b5138ee20e","","eligibility-context-v1-2026-09-24"
"elig_route_534c8c2735b64ec40ecc91ed","pattern_471661d59824e73a9c18dea1da87b774a74d15e1631de2f421d73043750ff2ce","react1.r17","mandatory_gate","route_534c8c2735b64ec40ecc91ed","","eligibility-context-v1-2026-09-24"
"elig_route_4ff70cf2499dd1d3bbbc983a","pattern_2ca8a862d18d58092f9f66d57ba7e388aa165f8c033c2f6a15c95675b7e60ef8","react1.r17","mandatory_gate","route_4ff70cf2499dd1d3bbbc983a","","eligibility-context-v1-2026-09-24"
"elig_route_bd30aa7a4db5761245287b96","pattern_a95007faeea7c36c0b0b490a090687d426f33c3324c2a62b32191f2cbf6e2730","react1.r17","mandatory_gate","route_bd30aa7a4db5761245287b96","","eligibility-context-v1-2026-09-24"
"elig_route_49e8f7359a16532bbd166efa","pattern_471661d59824e73a9c18dea1da87b774a74d15e1631de2f421d73043750ff2ce","react1.r18","mandatory_gate","route_49e8f7359a16532bbd166efa","","eligibility-context-v1-2026-09-24"
"elig_route_05981830a5971ae5c269715a","pattern_2ca8a862d18d58092f9f66d57ba7e388aa165f8c033c2f6a15c95675b7e60ef8","react1.r18","mandatory_gate","route_05981830a5971ae5c269715a","","eligibility-context-v1-2026-09-24"
"elig_route_33a425f78c272285c4a3303f","pattern_7bcf46fd09627e2a64762ec6532a93beba95f6b3934153444b3e7abc6babc3f4","react1.r18","mandatory_gate","route_33a425f78c272285c4a3303f","","eligibility-context-v1-2026-09-24"
"elig_route_7daa7f0fb65d73f6156e04a0","pattern_3b0a46a044dacf78595e82f5dd488a7f5c798335e361098270f1d5507f30f65c","react1.r18","mandatory_gate","route_7daa7f0fb65d73f6156e04a0","","eligibility-context-v1-2026-09-24"
"elig_route_d498853b370aeca9bc86bee7","pattern_3b0a46a044dacf78595e82f5dd488a7f5c798335e361098270f1d5507f30f65c","react1.r18","mandatory_gate","route_d498853b370aeca9bc86bee7","","eligibility-context-v1-2026-09-24"
"elig_route_bcd672ac8359664660442e10","pattern_20c452c0bdaf023cee80bbcec5fa206a595434a7a4a4eb566fbaed6770fd7fda","react1.r18","mandatory_gate","route_bcd672ac8359664660442e10","","eligibility-context-v1-2026-09-24"
"elig_route_015a2c948817416733f1f237","pattern_72ea9d9d79f41d2571dd6bd95183fd66cafa3e6b36573411ffaddac5eb38cd9a","react1.r18","mandatory_gate","route_015a2c948817416733f1f237","","eligibility-context-v1-2026-09-24"
"elig_route_a6549297ca8bba046835a55d","pattern_5949073d8fffbf890f7550a4613414b233f9681dd485fc793124029418d47f5d","react1.r18","mandatory_gate","route_a6549297ca8bba046835a55d","","eligibility-context-v1-2026-09-24"
"elig_route_6e69491a2e158aa2cafb0963","pattern_72ea9d9d79f41d2571dd6bd95183fd66cafa3e6b36573411ffaddac5eb38cd9a","react1.r18","mandatory_gate","route_6e69491a2e158aa2cafb0963","","eligibility-context-v1-2026-09-24"
"elig_route_b67da01b92679710a206734b","pattern_aa5664ce3b49108409af75ed829ec9f0839c79e7689c1ef439af284b8706d3e1","react1.r18","mandatory_gate","route_b67da01b92679710a206734b","","eligibility-context-v1-2026-09-24"
"elig_route_d1afd5b4ae7c20904f85fa3d","pattern_b536e28af6ec563423306efa85498381f5c3e3807932c22a943f2e1867f5f159","react1.r18","mandatory_gate","route_d1afd5b4ae7c20904f85fa3d","","eligibility-context-v1-2026-09-24"
"elig_route_337cf62be0bc69418d915b86","pattern_471661d59824e73a9c18dea1da87b774a74d15e1631de2f421d73043750ff2ce","react1.r18","mandatory_gate","route_337cf62be0bc69418d915b86","","eligibility-context-v1-2026-09-24"
"elig_route_28ab7539832ce2e3eff63d86","pattern_2ca8a862d18d58092f9f66d57ba7e388aa165f8c033c2f6a15c95675b7e60ef8","react1.r18","mandatory_gate","route_28ab7539832ce2e3eff63d86","","eligibility-context-v1-2026-09-24"
"elig_route_14c12ff02b9a533df7d86186","pattern_a95007faeea7c36c0b0b490a090687d426f33c3324c2a62b32191f2cbf6e2730","react1.r18","mandatory_gate","route_14c12ff02b9a533df7d86186","","eligibility-context-v1-2026-09-24"
"elig_route_199f37fccbfcc62a8de7fa8f","pattern_471661d59824e73a9c18dea1da87b774a74d15e1631de2f421d73043750ff2ce","react1.r19","mandatory_gate","route_199f37fccbfcc62a8de7fa8f","","eligibility-context-v1-2026-09-24"
"elig_route_e14d2f7a0e6b66e20e05ec2d","pattern_2ca8a862d18d58092f9f66d57ba7e388aa165f8c033c2f6a15c95675b7e60ef8","react1.r19","mandatory_gate","route_e14d2f7a0e6b66e20e05ec2d","","eligibility-context-v1-2026-09-24"
"elig_route_c139dc7c55ece0b3ec929592","pattern_7bcf46fd09627e2a64762ec6532a93beba95f6b3934153444b3e7abc6babc3f4","react1.r19","mandatory_gate","route_c139dc7c55ece0b3ec929592","","eligibility-context-v1-2026-09-24"
"elig_route_a254e9a78d15f318f8609e2d","pattern_9801daaf5b29a1f5e637dfb8cb2a46ccc2da47029b636c94e0f9e626a65402f0","react1.r19","mandatory_gate","route_a254e9a78d15f318f8609e2d","","eligibility-context-v1-2026-09-24"
"elig_route_d6ea1a62cfd3d38edf26d10b","pattern_3b0a46a044dacf78595e82f5dd488a7f5c798335e361098270f1d5507f30f65c","react1.r19","mandatory_gate","route_d6ea1a62cfd3d38edf26d10b","","eligibility-context-v1-2026-09-24"
"elig_route_e981b691091146bf3a2e0e8e","pattern_3b0a46a044dacf78595e82f5dd488a7f5c798335e361098270f1d5507f30f65c","react1.r19","mandatory_gate","route_e981b691091146bf3a2e0e8e","","eligibility-context-v1-2026-09-24"
"elig_route_ef9d49f97bd611c36c3da6c8","pattern_20c452c0bdaf023cee80bbcec5fa206a595434a7a4a4eb566fbaed6770fd7fda","react1.r19","mandatory_gate","route_ef9d49f97bd611c36c3da6c8","","eligibility-context-v1-2026-09-24"
"elig_route_e754b5266af41f980edc98d0","pattern_9801daaf5b29a1f5e637dfb8cb2a46ccc2da47029b636c94e0f9e626a65402f0","react1.r19","mandatory_gate","route_e754b5266af41f980edc98d0","","eligibility-context-v1-2026-09-24"
"elig_route_ec422941c4cb347b813e7f32","pattern_72ea9d9d79f41d2571dd6bd95183fd66cafa3e6b36573411ffaddac5eb38cd9a","react1.r19","mandatory_gate","route_ec422941c4cb347b813e7f32","","eligibility-context-v1-2026-09-24"
"elig_route_5cb149175102c6c16a17f836","pattern_5949073d8fffbf890f7550a4613414b233f9681dd485fc793124029418d47f5d","react1.r19","mandatory_gate","route_5cb149175102c6c16a17f836","","eligibility-context-v1-2026-09-24"
"elig_route_a8c66c92c876eadb73dc22ee","pattern_72ea9d9d79f41d2571dd6bd95183fd66cafa3e6b36573411ffaddac5eb38cd9a","react1.r19","mandatory_gate","route_a8c66c92c876eadb73dc22ee","","eligibility-context-v1-2026-09-24"
"elig_route_1b4b0756318c203aa5b4016d","pattern_aa5664ce3b49108409af75ed829ec9f0839c79e7689c1ef439af284b8706d3e1","react1.r19","mandatory_gate","route_1b4b0756318c203aa5b4016d","","eligibility-context-v1-2026-09-24"
"elig_route_51f0348627367adc2c3242ea","pattern_471661d59824e73a9c18dea1da87b774a74d15e1631de2f421d73043750ff2ce","react1.r19","mandatory_gate","route_51f0348627367adc2c3242ea","","eligibility-context-v1-2026-09-24"
"elig_route_be5c8b687fb215f52b9cda28","pattern_2ca8a862d18d58092f9f66d57ba7e388aa165f8c033c2f6a15c95675b7e60ef8","react1.r19","mandatory_gate","route_be5c8b687fb215f52b9cda28","","eligibility-context-v1-2026-09-24"
"elig_route_db4e387a12c5e71b300e1a08","pattern_a95007faeea7c36c0b0b490a090687d426f33c3324c2a62b32191f2cbf6e2730","react1.r19","mandatory_gate","route_db4e387a12c5e71b300e1a08","","eligibility-context-v1-2026-09-24"
"option_occ_43f23e783cb674011ce5907d","pattern_272d4e42c445e453be8492fbf3c32fa3009be6adc1c5ccb85a4474142183c8fd","react1.r09","option_restriction","","1","response-options-v1-2026-09-24"
"option_occ_5f3e011e655c299ac5899c8a","pattern_272d4e42c445e453be8492fbf3c32fa3009be6adc1c5ccb85a4474142183c8fd","react1.r09","option_restriction","","1","response-options-v1-2026-09-24"
"option_occ_a579ac5db50ec68770ad24d8","pattern_272d4e42c445e453be8492fbf3c32fa3009be6adc1c5ccb85a4474142183c8fd","react1.r10","option_restriction","","1","response-options-v1-2026-09-24"
"option_occ_3ed29f293a92de2f7770d3f4","pattern_272d4e42c445e453be8492fbf3c32fa3009be6adc1c5ccb85a4474142183c8fd","react1.r10","option_restriction","","1","response-options-v1-2026-09-24"
"option_occ_dfe8221a860acd84a567e288","pattern_272d4e42c445e453be8492fbf3c32fa3009be6adc1c5ccb85a4474142183c8fd","react1.r11","option_restriction","","1","response-options-v1-2026-09-24"
"option_occ_24516cfc55ce0c081df1cd49","pattern_272d4e42c445e453be8492fbf3c32fa3009be6adc1c5ccb85a4474142183c8fd","react1.r11","option_restriction","","1","response-options-v1-2026-09-24"
"option_occ_c41e8c634e5a328517d1d181","pattern_272d4e42c445e453be8492fbf3c32fa3009be6adc1c5ccb85a4474142183c8fd","react1.r12","option_restriction","","1","response-options-v1-2026-09-24"
"option_occ_b7f7c7505e5803831814b231","pattern_272d4e42c445e453be8492fbf3c32fa3009be6adc1c5ccb85a4474142183c8fd","react1.r12","option_restriction","","1","response-options-v1-2026-09-24"
"option_occ_f5f6cedbcd84e96f0141fa41","pattern_272d4e42c445e453be8492fbf3c32fa3009be6adc1c5ccb85a4474142183c8fd","react1.r13","option_restriction","","1","response-options-v1-2026-09-24"
"option_occ_308df3c8c82cad0fc27827e8","pattern_272d4e42c445e453be8492fbf3c32fa3009be6adc1c5ccb85a4474142183c8fd","react1.r13","option_restriction","","1","response-options-v1-2026-09-24"
"option_occ_57a1a2351254cc0363b11aa4","pattern_272d4e42c445e453be8492fbf3c32fa3009be6adc1c5ccb85a4474142183c8fd","react1.r14","option_restriction","","1","response-options-v1-2026-09-24"
"option_occ_ec6d9de4180ac7330590cd43","pattern_272d4e42c445e453be8492fbf3c32fa3009be6adc1c5ccb85a4474142183c8fd","react1.r15","option_restriction","","1","response-options-v1-2026-09-24"
"option_occ_a77c4bd2b34b55c6aeae38ee","pattern_2ad724b1928c3a35881867c7f5efdb5c5a63d6972605e2305e111500945c92b8","react1.r15","option_restriction","","1","response-options-v1-2026-09-24"
"option_occ_078ca5c107d38899850c0f3f","pattern_272d4e42c445e453be8492fbf3c32fa3009be6adc1c5ccb85a4474142183c8fd","react1.r16","option_restriction","","1","response-options-v1-2026-09-24"
"option_occ_93978e415d7d28f02338d24f","pattern_2ad724b1928c3a35881867c7f5efdb5c5a63d6972605e2305e111500945c92b8","react1.r16","option_restriction","","1","response-options-v1-2026-09-24"
"option_occ_d1f60caafacea2e9d83b2bc0","pattern_272d4e42c445e453be8492fbf3c32fa3009be6adc1c5ccb85a4474142183c8fd","react1.r17","option_restriction","","1","response-options-v1-2026-09-24"
"option_occ_fad7cf6969f56bc6461a8277","pattern_272d4e42c445e453be8492fbf3c32fa3009be6adc1c5ccb85a4474142183c8fd","react1.r17","option_restriction","","1","response-options-v1-2026-09-24"
"option_occ_b7b549dfc4caf564a881ab59","pattern_2ad724b1928c3a35881867c7f5efdb5c5a63d6972605e2305e111500945c92b8","react1.r17","option_restriction","","1","response-options-v1-2026-09-24"
"option_occ_648c181f47cca67e567ab7f1","pattern_272d4e42c445e453be8492fbf3c32fa3009be6adc1c5ccb85a4474142183c8fd","react1.r17","option_restriction","","1","response-options-v1-2026-09-24"
"option_occ_64b3e75504db5094dabc0f57","pattern_2ad724b1928c3a35881867c7f5efdb5c5a63d6972605e2305e111500945c92b8","react1.r17","option_restriction","","1","response-options-v1-2026-09-24"
"option_occ_f3d7dca59c67c4ad33e16343","pattern_272d4e42c445e453be8492fbf3c32fa3009be6adc1c5ccb85a4474142183c8fd","react1.r18","option_restriction","","1","response-options-v1-2026-09-24"
"option_occ_26033a5a628823586aa71995","pattern_272d4e42c445e453be8492fbf3c32fa3009be6adc1c5ccb85a4474142183c8fd","react1.r18","option_restriction","","1","response-options-v1-2026-09-24"
"option_occ_a6644b7f058be2b2856a2cef","pattern_2ad724b1928c3a35881867c7f5efdb5c5a63d6972605e2305e111500945c92b8","react1.r18","option_restriction","","1","response-options-v1-2026-09-24"
"option_occ_19fdc98e1f0356eb7f145ff4","pattern_272d4e42c445e453be8492fbf3c32fa3009be6adc1c5ccb85a4474142183c8fd","react1.r18","option_restriction","","1","response-options-v1-2026-09-24"
"option_occ_f07518b57a64fdbd637a74b6","pattern_2ad724b1928c3a35881867c7f5efdb5c5a63d6972605e2305e111500945c92b8","react1.r18","option_restriction","","1","response-options-v1-2026-09-24"
"option_occ_55348169c6e61e2a33b3a399","pattern_272d4e42c445e453be8492fbf3c32fa3009be6adc1c5ccb85a4474142183c8fd","react1.r19","option_restriction","","1","response-options-v1-2026-09-24"
"option_occ_6cadd7b4bf658774405c3c8e","pattern_272d4e42c445e453be8492fbf3c32fa3009be6adc1c5ccb85a4474142183c8fd","react1.r19","option_restriction","","1","response-options-v1-2026-09-24"
"option_occ_e9c8f81c2acd70b5d13fd959","pattern_2ad724b1928c3a35881867c7f5efdb5c5a63d6972605e2305e111500945c92b8","react1.r19","option_restriction","","1","response-options-v1-2026-09-24"
"option_occ_95b7fb3b3bf494a7788f96cf","pattern_272d4e42c445e453be8492fbf3c32fa3009be6adc1c5ccb85a4474142183c8fd","react1.r19","option_restriction","","1","response-options-v1-2026-09-24"
"option_occ_ad6429dbcc7c180a8094b5ee","pattern_2ad724b1928c3a35881867c7f5efdb5c5a63d6972605e2305e111500945c92b8","react1.r19","option_restriction","","1","response-options-v1-2026-09-24"
"option_occ_36fe2675f8d9c57da219cd04","pattern_272d4e42c445e453be8492fbf3c32fa3009be6adc1c5ccb85a4474142183c8fd","react2.r06","option_restriction","","1","response-options-v1-2026-09-24"
"option_occ_599bfe630c5cf2bf5a6d715e","pattern_272d4e42c445e453be8492fbf3c32fa3009be6adc1c5ccb85a4474142183c8fd","react2.r06","option_restriction","","1","response-options-v1-2026-09-24"
"option_occ_c3e53fdfafcc15be4da8670d","pattern_73725135ee3f20a7c9162a7815193cb2efb26e779a282647a132e0b830fc4046","react1.r02","option_restriction","","1","response-options-v2-2026-09-25"
"option_occ_116fe22d677001fd81fb0c98","pattern_73725135ee3f20a7c9162a7815193cb2efb26e779a282647a132e0b830fc4046","react1.r03","option_restriction","","1","response-options-v2-2026-09-25"
"option_occ_e4af2a6619ffcf9646b6bad3","pattern_73725135ee3f20a7c9162a7815193cb2efb26e779a282647a132e0b830fc4046","react1.r04","option_restriction","","1","response-options-v2-2026-09-25"
"option_occ_c107cce51ce5995f4a9cb1e4","pattern_73725135ee3f20a7c9162a7815193cb2efb26e779a282647a132e0b830fc4046","react1.r05","option_restriction","","1","response-options-v2-2026-09-25"
"option_occ_51330cca68b00ee5efc5b116","pattern_73725135ee3f20a7c9162a7815193cb2efb26e779a282647a132e0b830fc4046","react1.r06","option_restriction","","1","response-options-v2-2026-09-25"
"option_occ_55e00f61098045fbdaefa7e7","pattern_73725135ee3f20a7c9162a7815193cb2efb26e779a282647a132e0b830fc4046","react1.r07","option_restriction","","1","response-options-v2-2026-09-25"
"option_occ_6ed7c7bfcbaf6999b91e233a","pattern_73725135ee3f20a7c9162a7815193cb2efb26e779a282647a132e0b830fc4046","react1.r08","option_restriction","","1","response-options-v2-2026-09-25"
"option_occ_c66278c75514be572a191661","pattern_73725135ee3f20a7c9162a7815193cb2efb26e779a282647a132e0b830fc4046","react1.r09","option_restriction","","1","response-options-v2-2026-09-25"
"option_occ_ff3678a31aa17ae897833f1d","pattern_73725135ee3f20a7c9162a7815193cb2efb26e779a282647a132e0b830fc4046","react1.r10","option_restriction","","1","response-options-v2-2026-09-25"
"option_occ_ed6a4b91476e16772647111a","pattern_73725135ee3f20a7c9162a7815193cb2efb26e779a282647a132e0b830fc4046","react1.r11","option_restriction","","1","response-options-v2-2026-09-25"
"option_occ_e8add30010587b800e3c9c65","pattern_73725135ee3f20a7c9162a7815193cb2efb26e779a282647a132e0b830fc4046","react1.r12","option_restriction","","1","response-options-v2-2026-09-25"
"option_occ_8340acf5d7bfe0d104c056ea","pattern_73725135ee3f20a7c9162a7815193cb2efb26e779a282647a132e0b830fc4046","react1.r13","option_restriction","","1","response-options-v2-2026-09-25"
"option_occ_a0ac4cfe46015e8ee837b9b4","pattern_73725135ee3f20a7c9162a7815193cb2efb26e779a282647a132e0b830fc4046","react1.r14","option_restriction","","1","response-options-v2-2026-09-25"
"option_occ_87974b7ca22b14ce4669c8bf","pattern_73725135ee3f20a7c9162a7815193cb2efb26e779a282647a132e0b830fc4046","react1.r15","option_restriction","","1","response-options-v2-2026-09-25"
"option_occ_8c5e43f47c622c3ebdeea710","pattern_73725135ee3f20a7c9162a7815193cb2efb26e779a282647a132e0b830fc4046","react1.r16","option_restriction","","1","response-options-v2-2026-09-25"
"option_occ_ab8e6be2ba00af0dbe2ad6bc","pattern_73725135ee3f20a7c9162a7815193cb2efb26e779a282647a132e0b830fc4046","react1.r17","option_restriction","","1","response-options-v2-2026-09-25"
"option_occ_7d22157368a83599bc1fe08e","pattern_73725135ee3f20a7c9162a7815193cb2efb26e779a282647a132e0b830fc4046","react1.r18","option_restriction","","1","response-options-v2-2026-09-25"
"option_occ_6508ccd7f8dc3a3661f1e869","pattern_73725135ee3f20a7c9162a7815193cb2efb26e779a282647a132e0b830fc4046","react1.r19","option_restriction","","1","response-options-v2-2026-09-25"
"option_occ_f1fe704b047606a0e306e29c","pattern_2ca6a496a912b1ad02755509eb7c4855c489fe0b97ac793e9f16448fbd0d06ef","react1.r07","option_restriction","","1","response-options-v2-2026-09-25"
"option_occ_efc40665d33cbc47bed4fdaa","pattern_9b154432afd521d448839133d28ac2914ff02d5da16da4d7f9e89d1f9baaa8a8","react1.r09","option_restriction","","1","response-options-v2-2026-09-25"
"option_occ_603080bc4c253f3aef6d9688","pattern_9b154432afd521d448839133d28ac2914ff02d5da16da4d7f9e89d1f9baaa8a8","react1.r10","option_restriction","","1","response-options-v2-2026-09-25"
"option_occ_4ab0c60cdeb59978bfdb3acf","pattern_9b154432afd521d448839133d28ac2914ff02d5da16da4d7f9e89d1f9baaa8a8","react1.r11","option_restriction","","1","response-options-v2-2026-09-25"
"option_occ_e71b8cadc340617e0bbe416b","pattern_9b154432afd521d448839133d28ac2914ff02d5da16da4d7f9e89d1f9baaa8a8","react1.r12","option_restriction","","1","response-options-v2-2026-09-25"
"option_occ_ecf10420352018096b474ae8","pattern_9b154432afd521d448839133d28ac2914ff02d5da16da4d7f9e89d1f9baaa8a8","react1.r13","option_restriction","","1","response-options-v2-2026-09-25"
"option_occ_2a3c9276cf643373fab06a4c","pattern_9b154432afd521d448839133d28ac2914ff02d5da16da4d7f9e89d1f9baaa8a8","react1.r09","option_restriction","","1","response-options-v2-2026-09-25"
"option_occ_aea3f9a57148c1fc108faa1d","pattern_9b154432afd521d448839133d28ac2914ff02d5da16da4d7f9e89d1f9baaa8a8","react1.r10","option_restriction","","1","response-options-v2-2026-09-25"
"option_occ_bc20868dd3646c21127e19ae","pattern_9b154432afd521d448839133d28ac2914ff02d5da16da4d7f9e89d1f9baaa8a8","react1.r11","option_restriction","","1","response-options-v2-2026-09-25"
"option_occ_f391dd084b61ac29af2f5550","pattern_9b154432afd521d448839133d28ac2914ff02d5da16da4d7f9e89d1f9baaa8a8","react1.r12","option_restriction","","1","response-options-v2-2026-09-25"
"option_occ_6825cf26075eb7e31d2659ac","pattern_9b154432afd521d448839133d28ac2914ff02d5da16da4d7f9e89d1f9baaa8a8","react1.r13","option_restriction","","1","response-options-v2-2026-09-25"
"option_occ_1c0e7235aecd47f344554ebc","pattern_9b154432afd521d448839133d28ac2914ff02d5da16da4d7f9e89d1f9baaa8a8","react1.r09","option_restriction","","1","response-options-v2-2026-09-25"
"option_occ_4febc0a16abb29613fd974cd","pattern_9b154432afd521d448839133d28ac2914ff02d5da16da4d7f9e89d1f9baaa8a8","react1.r10","option_restriction","","1","response-options-v2-2026-09-25"
"option_occ_a2dbcc24bbba2da0492eb441","pattern_9b154432afd521d448839133d28ac2914ff02d5da16da4d7f9e89d1f9baaa8a8","react1.r11","option_restriction","","1","response-options-v2-2026-09-25"
"option_occ_8fa233be4669746e43a21457","pattern_9b154432afd521d448839133d28ac2914ff02d5da16da4d7f9e89d1f9baaa8a8","react1.r12","option_restriction","","1","response-options-v2-2026-09-25"
"option_occ_1532997e7845500aa7fd4d7e","pattern_9b154432afd521d448839133d28ac2914ff02d5da16da4d7f9e89d1f9baaa8a8","react1.r13","option_restriction","","1","response-options-v2-2026-09-25"
"option_occ_b0d954cdc21776f7bdb48dc9","pattern_9b154432afd521d448839133d28ac2914ff02d5da16da4d7f9e89d1f9baaa8a8","react1.r09","option_restriction","","1","response-options-v2-2026-09-25"
"option_occ_4c9a84c69f27bdd40c456cf2","pattern_9b154432afd521d448839133d28ac2914ff02d5da16da4d7f9e89d1f9baaa8a8","react1.r10","option_restriction","","1","response-options-v2-2026-09-25"
"option_occ_95fa5062e0a2f8146a515649","pattern_9b154432afd521d448839133d28ac2914ff02d5da16da4d7f9e89d1f9baaa8a8","react1.r11","option_restriction","","1","response-options-v2-2026-09-25"
"option_occ_486ad53506e08ae3bec89708","pattern_9b154432afd521d448839133d28ac2914ff02d5da16da4d7f9e89d1f9baaa8a8","react1.r12","option_restriction","","1","response-options-v2-2026-09-25"
"option_occ_9f4f3992cd23e98e33e67629","pattern_9b154432afd521d448839133d28ac2914ff02d5da16da4d7f9e89d1f9baaa8a8","react1.r13","option_restriction","","1","response-options-v2-2026-09-25"
"option_occ_a2ba5e7d4ad3f1760c825dfc","pattern_9b154432afd521d448839133d28ac2914ff02d5da16da4d7f9e89d1f9baaa8a8","react1.r14","option_restriction","","1","response-options-v2-2026-09-25"
"option_occ_005c46bc28a67efd8d0cd834","pattern_9b154432afd521d448839133d28ac2914ff02d5da16da4d7f9e89d1f9baaa8a8","react1.r16","option_restriction","","1","response-options-v2-2026-09-25"
"option_occ_66e92c13f48cbb59cbad00a0","pattern_9b154432afd521d448839133d28ac2914ff02d5da16da4d7f9e89d1f9baaa8a8","react1.r17","option_restriction","","1","response-options-v2-2026-09-25"
"option_occ_ba5ef7814a0dfccc0a97c0d1","pattern_9b154432afd521d448839133d28ac2914ff02d5da16da4d7f9e89d1f9baaa8a8","react1.r18","option_restriction","","1","response-options-v2-2026-09-25"
"option_occ_337a8548eb9f74446e62966e","pattern_9b154432afd521d448839133d28ac2914ff02d5da16da4d7f9e89d1f9baaa8a8","react1.r09","option_restriction","","1","response-options-v2-2026-09-25"
"option_occ_e46ce0392ad8fd0f23aceba4","pattern_9b154432afd521d448839133d28ac2914ff02d5da16da4d7f9e89d1f9baaa8a8","react1.r10","option_restriction","","1","response-options-v2-2026-09-25"
"option_occ_4d7d21cf5a74d865265dfea9","pattern_9b154432afd521d448839133d28ac2914ff02d5da16da4d7f9e89d1f9baaa8a8","react1.r11","option_restriction","","1","response-options-v2-2026-09-25"
"option_occ_e1531a542b14f9396ef24445","pattern_9b154432afd521d448839133d28ac2914ff02d5da16da4d7f9e89d1f9baaa8a8","react1.r12","option_restriction","","1","response-options-v2-2026-09-25"
"option_occ_2a4e82fecf3ae52b335baebd","pattern_9b154432afd521d448839133d28ac2914ff02d5da16da4d7f9e89d1f9baaa8a8","react1.r13","option_restriction","","1","response-options-v2-2026-09-25"
"option_occ_225c751b3d69543a9b576cce","pattern_9b154432afd521d448839133d28ac2914ff02d5da16da4d7f9e89d1f9baaa8a8","react1.r14","option_restriction","","1","response-options-v2-2026-09-25"
"option_occ_e0dee8f016c468f9360b05e9","pattern_9b154432afd521d448839133d28ac2914ff02d5da16da4d7f9e89d1f9baaa8a8","react1.r16","option_restriction","","1","response-options-v2-2026-09-25"
"option_occ_ee26b80ed9bade611a345880","pattern_9b154432afd521d448839133d28ac2914ff02d5da16da4d7f9e89d1f9baaa8a8","react1.r17","option_restriction","","1","response-options-v2-2026-09-25"
"option_occ_4e2ecc8730f01f754226bc8e","pattern_9b154432afd521d448839133d28ac2914ff02d5da16da4d7f9e89d1f9baaa8a8","react1.r18","option_restriction","","1","response-options-v2-2026-09-25"
"option_occ_c373702c2e3f4d2ea1c89c81","pattern_9b154432afd521d448839133d28ac2914ff02d5da16da4d7f9e89d1f9baaa8a8","react1.r09","option_restriction","","1","response-options-v2-2026-09-25"
"option_occ_82a934ad03072583c08e301a","pattern_9b154432afd521d448839133d28ac2914ff02d5da16da4d7f9e89d1f9baaa8a8","react1.r10","option_restriction","","1","response-options-v2-2026-09-25"
"option_occ_1c9e1096229fc78c1377ee77","pattern_9b154432afd521d448839133d28ac2914ff02d5da16da4d7f9e89d1f9baaa8a8","react1.r11","option_restriction","","1","response-options-v2-2026-09-25"
"option_occ_4f7054a28f63210c8bab7479","pattern_9b154432afd521d448839133d28ac2914ff02d5da16da4d7f9e89d1f9baaa8a8","react1.r12","option_restriction","","1","response-options-v2-2026-09-25"
"option_occ_eae6a6ed86a5da0a89863fdd","pattern_9b154432afd521d448839133d28ac2914ff02d5da16da4d7f9e89d1f9baaa8a8","react1.r13","option_restriction","","1","response-options-v2-2026-09-25"
"option_occ_78d0550070743b3e161f54f3","pattern_9b154432afd521d448839133d28ac2914ff02d5da16da4d7f9e89d1f9baaa8a8","react1.r14","option_restriction","","1","response-options-v2-2026-09-25"
"option_occ_6d36a13e8147ae4a4fcc4f30","pattern_9b154432afd521d448839133d28ac2914ff02d5da16da4d7f9e89d1f9baaa8a8","react1.r16","option_restriction","","1","response-options-v2-2026-09-25"
"option_occ_840820404b1cadaec8df2942","pattern_9b154432afd521d448839133d28ac2914ff02d5da16da4d7f9e89d1f9baaa8a8","react1.r17","option_restriction","","1","response-options-v2-2026-09-25"
"option_occ_8fe6c9ae3944cd17a6d07f05","pattern_9b154432afd521d448839133d28ac2914ff02d5da16da4d7f9e89d1f9baaa8a8","react1.r18","option_restriction","","1","response-options-v2-2026-09-25"
"option_occ_1b490f7bcdb63a2be193cd65","pattern_2ca6a496a912b1ad02755509eb7c4855c489fe0b97ac793e9f16448fbd0d06ef","react1.r12","option_restriction","","1","response-options-v2-2026-09-25"
"option_occ_f5429f192686d5331daedaa4","pattern_2ca6a496a912b1ad02755509eb7c4855c489fe0b97ac793e9f16448fbd0d06ef","react1.r13","option_restriction","","1","response-options-v2-2026-09-25"
"option_occ_8ee64514b43822fa886b7fda","pattern_2ca6a496a912b1ad02755509eb7c4855c489fe0b97ac793e9f16448fbd0d06ef","react1.r14","option_restriction","","1","response-options-v2-2026-09-25"
"option_occ_41189380459b870c1f11b9f5","pattern_2ca6a496a912b1ad02755509eb7c4855c489fe0b97ac793e9f16448fbd0d06ef","react1.r15","option_restriction","","1","response-options-v2-2026-09-25"
"option_occ_8c72d233ccb7c4911a3f035a","pattern_2ca6a496a912b1ad02755509eb7c4855c489fe0b97ac793e9f16448fbd0d06ef","react1.r16","option_restriction","","1","response-options-v2-2026-09-25"
"option_occ_b7ee814521723a3a402a4ea4","pattern_2ca6a496a912b1ad02755509eb7c4855c489fe0b97ac793e9f16448fbd0d06ef","react1.r17","option_restriction","","1","response-options-v2-2026-09-25"
"option_occ_cb278864fbb37e2a20c34823","pattern_2ca6a496a912b1ad02755509eb7c4855c489fe0b97ac793e9f16448fbd0d06ef","react1.r18","option_restriction","","1","response-options-v2-2026-09-25"
"option_occ_191d964902e8ac56f4f0c89a","pattern_2ca6a496a912b1ad02755509eb7c4855c489fe0b97ac793e9f16448fbd0d06ef","react1.r19","option_restriction","","1","response-options-v2-2026-09-25"
"option_occ_0b4213531dc39c077be8bfca","pattern_2ca6a496a912b1ad02755509eb7c4855c489fe0b97ac793e9f16448fbd0d06ef","react1.r12","option_restriction","","1","response-options-v2-2026-09-25"
"option_occ_3ec14ed6a418fbd36a60b3b4","pattern_2ca6a496a912b1ad02755509eb7c4855c489fe0b97ac793e9f16448fbd0d06ef","react1.r13","option_restriction","","1","response-options-v2-2026-09-25"
"option_occ_3eefa467ac181eceaff44525","pattern_2ca6a496a912b1ad02755509eb7c4855c489fe0b97ac793e9f16448fbd0d06ef","react1.r14","option_restriction","","1","response-options-v2-2026-09-25"
"option_occ_999aef37430e7021151495b7","pattern_2ca6a496a912b1ad02755509eb7c4855c489fe0b97ac793e9f16448fbd0d06ef","react1.r15","option_restriction","","1","response-options-v2-2026-09-25"
"option_occ_f6c3c018aebafa78b70e7a8c","pattern_2ca6a496a912b1ad02755509eb7c4855c489fe0b97ac793e9f16448fbd0d06ef","react1.r16","option_restriction","","1","response-options-v2-2026-09-25"
"option_occ_93063bbf473c012308057b59","pattern_2ca6a496a912b1ad02755509eb7c4855c489fe0b97ac793e9f16448fbd0d06ef","react1.r17","option_restriction","","1","response-options-v2-2026-09-25"
"option_occ_08fb1832faef49394054d309","pattern_2ca6a496a912b1ad02755509eb7c4855c489fe0b97ac793e9f16448fbd0d06ef","react1.r18","option_restriction","","1","response-options-v2-2026-09-25"
"option_occ_2a95d9a818439aca37f0b27e","pattern_2ca6a496a912b1ad02755509eb7c4855c489fe0b97ac793e9f16448fbd0d06ef","react1.r19","option_restriction","","1","response-options-v2-2026-09-25"
