"routing_rule_id","target_occurrence_id"
"elig_route_f884b2aefd0f1f94ecaab9f6","occ_61ace294651d1a1f98f58955"
"elig_route_805d879b36ed247c7b933a41","occ_ae4ecc530b47cb6f677668a9"
"elig_route_c203d35805e76bbe5fd433fc","occ_185c9bb1f5cd75dabac2f173"
"elig_route_6cdea06398d0f9be41574163","occ_fc8feb1d4b9d6a913fa3d2db"
"elig_route_f255531ab56e9529a2c066ac","occ_0f0bc2f8cd23da0f0c689572"
"elig_route_b7086e822dbe0d5e39b755c7","occ_a73ba03ce32cd5851a3ffb31"
"elig_route_a178b470e7002cfb9bf75557","occ_afca1634b9daacbde837084d"
"elig_route_d2ddd091a9638a70d4491ebb","occ_dd1fa071440a8e66a3cc55c1"
"elig_route_9afcda6fdd7b9600cb8266b0","occ_ae4ecc530b47cb6f677668a9"
"elig_route_5ffb64949a24742c78faf9e9","occ_185c9bb1f5cd75dabac2f173"
"elig_route_1c5d46052bc970789b40e7bf","occ_a455a5b7c28419e489659497"
"elig_route_a6c42109f8d5b4e256b5529d","occ_4608cb087541d499e61e488c"
"elig_route_1fa040600712f19d8ce1c2ea","occ_521efd569ee97b3e85fed457"
"elig_route_9a61f90f72f39927d16d3615","occ_b922195935ce7c849e0779f9"
"elig_route_7be62551551e94cce2e78e57","occ_b724526f0188e42865395b18"
"elig_route_8f427865c8ab2e065307e769","occ_9d93fc73e41fc587ab0c9477"
"elig_route_8f427865c8ab2e065307e769","occ_0e50b62536f99b4efb045390"
"elig_route_8f427865c8ab2e065307e769","occ_8ab7a502fdc19f1acb3b1830"
"elig_route_8f427865c8ab2e065307e769","occ_8b7f57feba15be0341a3ff98"
"elig_route_8f427865c8ab2e065307e769","occ_4df67ebda77b1d9219392be3"
"elig_route_8f427865c8ab2e065307e769","occ_57465a908d76846daf09311a"
"elig_route_8f427865c8ab2e065307e769","occ_c5dece8a7d5dbbab7fbc806a"
"elig_route_8f427865c8ab2e065307e769","occ_e76d2cc8d927b75790aa3c75"
"elig_route_8f427865c8ab2e065307e769","occ_169b2c9d7e1902640ed4e6e3"
"elig_route_8f427865c8ab2e065307e769","occ_500c735ba960fc78bf8e04cd"
"elig_route_8f427865c8ab2e065307e769","occ_6d5128a543c01597b6780b83"
"elig_route_8f427865c8ab2e065307e769","occ_ae603b65c8dc96e063c0d6d1"
"elig_route_8f427865c8ab2e065307e769","occ_400dfc5176fe80786bf0cd2f"
"elig_route_8f427865c8ab2e065307e769","occ_f48bc2095ea62419e0860408"
"elig_route_8f427865c8ab2e065307e769","occ_e650acd479de63535ac70924"
"elig_route_8f427865c8ab2e065307e769","occ_2c531d0304a20142ee31fd92"
"elig_route_8f427865c8ab2e065307e769","occ_b953b282aeb61f9688bfe5de"
"elig_route_8f427865c8ab2e065307e769","occ_bdd6d7c0dda6126e16e8d7cf"
"elig_route_53f9e70fbf192e12c7c24b7b","occ_a455a5b7c28419e489659497"
"elig_route_6233968b6257f302fa19930f","occ_4608cb087541d499e61e488c"
"elig_route_efeb53f83153a6f216025abe","occ_59e406541554924f7d83711f"
"elig_route_c82dca07350074dc1ea01735","occ_2b8b0a82fefb33a86ae7e484"
"elig_route_8c54f33cfcd3d8a3c3663836","occ_4a170935f4c709546fc1257b"
"elig_route_9f3dc4e2901172c2342765f4","occ_76920d46d332dccd70e3e531"
"elig_route_95f80f333c7031f17d85ccf7","occ_67e92124d3cd6cfa0a5be9ef"
"elig_route_c7a998dea4f3b156acfaf9e9","occ_88ada1c66851522a76541c0f"
"elig_route_4162780e792a59a0769160eb","occ_2b8b0a82fefb33a86ae7e484"
"elig_route_a079554032c3e2ffac66b305","occ_4a170935f4c709546fc1257b"
"elig_route_5988b1139d046560e3cf96ed","occ_358fd92c37c77121843a1a1f"
"elig_route_27c5d87d61345aadf8f2203b","occ_891ca1bec42287d60d89237f"
"elig_route_70e3b14ea77fc68c971f8ffc","occ_6f503a67e767c75f81847a00"
"elig_route_0551ff49111180503423e3a4","occ_2fd1e5ba56de0bfdb9902afc"
"elig_route_a5001ceac20ba3c1f38e8056","occ_6e49db95853c0963098aa11a"
"elig_route_e801bacf46df3f7c2e0c3b53","occ_891ca1bec42287d60d89237f"
"elig_route_8c5029c8cf1a76301a010d44","occ_6f503a67e767c75f81847a00"
"elig_route_98382ff9306172c8254962ee","occ_9d1ad836ec54cc8df2cf8ad7"
"elig_route_c1cf6c93335ccdca5871e786","occ_888baa2ea8021801ed54f588"
"elig_route_b1970268960c577d502a6c5c","occ_74c978e8228319bcb3344cd2"
"elig_route_fa4eca6338b89b1ef82fd9a7","occ_170e1dcbdb2ecb81a97630f5"
"elig_route_b0db4ca319afffb8c448f7bd","occ_40c98f7a837d685596774b98"
"elig_route_46952c6f1287bf39937940bb","occ_74e509262eab41cd14b569de"
"elig_route_b02f0ac8e23139cd5ced92b2","occ_3895a88c70b2af5cbdf2893d"
"elig_route_64fba27d11487d20a432a09f","occ_888baa2ea8021801ed54f588"
"elig_route_f89ceb38326a2f2b56087ded","occ_74c978e8228319bcb3344cd2"
"elig_route_fa876d0d83221a5b24675847","occ_af43323aba117c10e723d54f"
"elig_route_21c4e1e849f43653eb586890","occ_7d80b66f95dcb9778d9de310"
"elig_route_744603347e714c196427ec87","occ_1548d124c93745049a2f5838"
"elig_route_1386472a3a581ac0f8a22abb","occ_b6c946920f3385089b31f68a"
"elig_route_5c6720451d0fae9849ef9493","occ_03d53eccadd0f0c32c630834"
"elig_route_28bc527602a6f9e2aff154ce","occ_8da9054ab235c637518f3288"
"elig_route_0f1d256c599288a5a8e94e81","occ_8f165e29a0384364d64cd0c8"
"elig_route_2f649bf2bc9cef0db2e545c3","occ_7d80b66f95dcb9778d9de310"
"elig_route_9f5c732ebfca4e506e745730","occ_1548d124c93745049a2f5838"
"elig_route_ed0c719cb4f5eb13a40bbaa7","occ_e7dd0121f43ff5f3329d9ea0"
"elig_route_8971f8659408cfdcfce594be","occ_9e5afb1feb3549f76ab4e86f"
"elig_route_a400a0a4c12044651a267dc4","occ_61f863363665c75a632aa5b2"
"elig_route_bbf3bfc55cbbe1824902941c","occ_3690033d1856a7289ccabe57"
"elig_route_4dd43ba01d297fc61cd88374","occ_6e01a00a5690b6541661847c"
"elig_route_27bf479d8593caa5ffa3f675","occ_994aeac760f45e0f101cb966"
"elig_route_3fbe40e19dd18967be0875f0","occ_f5aa2254ae22b4ee46b8b1c3"
"elig_route_8f4cc07fc5515768d79471c5","occ_665dddeefd479d6f2acbdda2"
"elig_route_4d9a9deb011f084d89d66d4d","occ_c125ddf499b4f0f4db5e8b61"
"elig_route_4d9a9deb011f084d89d66d4d","occ_32b8b49248803939f9344806"
"elig_route_4d9a9deb011f084d89d66d4d","occ_a2eb64843a834e9a52ad4fe7"
"elig_route_4d9a9deb011f084d89d66d4d","occ_5b8ed5662cbc2b150c1a7dd6"
"elig_route_4d9a9deb011f084d89d66d4d","occ_f6e3c5b2d9d92b3f56bca90a"
"elig_route_4d9a9deb011f084d89d66d4d","occ_9e3417b529aeb6e713445ebf"
"elig_route_4d9a9deb011f084d89d66d4d","occ_c27602c220790f70ea078bda"
"elig_route_4d9a9deb011f084d89d66d4d","occ_0c2ef698e845512228eca462"
"elig_route_4d9a9deb011f084d89d66d4d","occ_0b2ca28ca53cd69c89a6e885"
"elig_route_4d9a9deb011f084d89d66d4d","occ_303c0367e5c9a1d7f18b59e9"
"elig_route_30ef929eecaed48465037fa3","occ_35d7d041218c3aa97fc4b221"
"elig_route_30ef929eecaed48465037fa3","occ_da2b13dc2d2f59679d274323"
"elig_route_30ef929eecaed48465037fa3","occ_9faef84256148d41f8e26945"
"elig_route_30ef929eecaed48465037fa3","occ_dcaf8f697a06bd3635f95f38"
"elig_route_30ef929eecaed48465037fa3","occ_adf4e377ae31c0cef3812154"
"elig_route_30ef929eecaed48465037fa3","occ_43f23e783cb674011ce5907d"
"elig_route_30ef929eecaed48465037fa3","occ_51526815a42b96796436e75f"
"elig_route_30ef929eecaed48465037fa3","occ_a0881febc464300751f09990"
"elig_route_30ef929eecaed48465037fa3","occ_a82f4abf485e8e1ebf81d295"
"elig_route_30ef929eecaed48465037fa3","occ_d20becdd97e088528da0f30e"
"elig_route_30ef929eecaed48465037fa3","occ_193b6cf7a422b2a8517f013a"
"elig_route_30ef929eecaed48465037fa3","occ_8559b824d0a0ab3577afac8b"
"elig_route_30ef929eecaed48465037fa3","occ_9cdfe7e9f8efd65a39e0a291"
"elig_route_30ef929eecaed48465037fa3","occ_afffcd0495ca00bf779486bf"
"elig_route_30ef929eecaed48465037fa3","occ_50dfe707589c1660ad7a9f88"
"elig_route_30ef929eecaed48465037fa3","occ_450625e0feb5dca56b8e5df9"
"elig_route_30ef929eecaed48465037fa3","occ_f8e39bd963bcbc4d11276cf6"
"elig_route_30ef929eecaed48465037fa3","occ_3dca0ad6a36c438264926843"
"elig_route_30ef929eecaed48465037fa3","occ_f138ba2f0731028f17b6962b"
"elig_route_30ef929eecaed48465037fa3","occ_dea30f66e74a3997c552b26d"
"elig_route_30ef929eecaed48465037fa3","occ_5c6cd4095173eaf4f577beed"
"elig_route_0ed68e6f6705b14ed4967287","occ_833a22f487d6f99e4a3e5731"
"elig_route_0ed68e6f6705b14ed4967287","occ_0a31515c9a26ab1a4cdf88dc"
"elig_route_0ed68e6f6705b14ed4967287","occ_6ddeeabab5cb652b95c24fc6"
"elig_route_0ed68e6f6705b14ed4967287","occ_29a11bf684729bde0a7ba89a"
"elig_route_0ed68e6f6705b14ed4967287","occ_93453eaa73ef133015967e85"
"elig_route_0ed68e6f6705b14ed4967287","occ_5f3e011e655c299ac5899c8a"
"elig_route_0ed68e6f6705b14ed4967287","occ_4ed7d3965368d76c8f36d686"
"elig_route_0ed68e6f6705b14ed4967287","occ_d68115da37b8da30dbbf8230"
"elig_route_0ed68e6f6705b14ed4967287","occ_b01a5351965d35294bc569df"
"elig_route_0ed68e6f6705b14ed4967287","occ_752afb5d7718429549b3fe07"
"elig_route_0ed68e6f6705b14ed4967287","occ_cdb461397ad09350c2cdea6b"
"elig_route_0ed68e6f6705b14ed4967287","occ_9127cf492556755cd8df1024"
"elig_route_0ed68e6f6705b14ed4967287","occ_2e4634d00e09a79dc7b10f49"
"elig_route_0ed68e6f6705b14ed4967287","occ_b56cbf9de3fca527c7c9e3f1"
"elig_route_0ed68e6f6705b14ed4967287","occ_3104b225ab1827ce40c1ec6b"
"elig_route_0ed68e6f6705b14ed4967287","occ_633daeeaa3089572dec61061"
"elig_route_0ed68e6f6705b14ed4967287","occ_61f84205b2ae4a8e4cfcbc13"
"elig_route_0ed68e6f6705b14ed4967287","occ_50ae2972031258ad19958a5e"
"elig_route_0ed68e6f6705b14ed4967287","occ_53575b1f06a8980afd36baeb"
"elig_route_0ed68e6f6705b14ed4967287","occ_71656e74a581e73eee8aabac"
"elig_route_0ed68e6f6705b14ed4967287","occ_0c2b040b69f2453334a0e9ee"
"elig_route_0b28ca04c42950ece82c9db5","occ_486455d6cbdf3c5e62ef5dd9"
"elig_route_0b28ca04c42950ece82c9db5","occ_9e6ed19a5efdab5648055c14"
"elig_route_0b28ca04c42950ece82c9db5","occ_2c7ae49d275742bef3084658"
"elig_route_0b28ca04c42950ece82c9db5","occ_03080b19af6ee5d224e788c5"
"elig_route_0b28ca04c42950ece82c9db5","occ_b58741e7970a05aa276c1932"
"elig_route_0b28ca04c42950ece82c9db5","occ_69181e0489f5b836468d0029"
"elig_route_0b28ca04c42950ece82c9db5","occ_1c1ef752666f4c39fc9515b7"
"elig_route_0b28ca04c42950ece82c9db5","occ_e73a7e922f6aee3c021ed022"
"elig_route_0b28ca04c42950ece82c9db5","occ_e8d89573b65df801bd02d132"
"elig_route_0b28ca04c42950ece82c9db5","occ_e830ac3c10ff0a792b029e5e"
"elig_route_0b28ca04c42950ece82c9db5","occ_b02144b29034d005006900c3"
"elig_route_7c554927f893dde4e878fbfb","occ_9e5afb1feb3549f76ab4e86f"
"elig_route_08ab87215380c4543b7426c6","occ_61f863363665c75a632aa5b2"
"elig_route_ae2c68bf85b8460e2b4f1c11","occ_98fde8e39c583a739fa153d1"
"elig_route_f463a5d1829caf06bf0af345","occ_74adab44e9c5391532d8fb0e"
"elig_route_597a8f57f7605382bb7db4c3","occ_38c71ea412d5ce2103a5d51c"
"elig_route_5d3563a8eccd015d3886daff","occ_2757ef47f6bad0b600a5f32b"
"elig_route_f7aee97d46c94c1c5a6b01e3","occ_98aa3a5325c69b3177cdc7bf"
"elig_route_66875d7e71fac8d8da735614","occ_06e958d567351b90ae4e390c"
"elig_route_df0c4cb5830d47b23198e4a2","occ_6ce0c86d7a75c756f5080135"
"elig_route_b94dd412306475f15deba1eb","occ_b2ce1fdf570ccb561ff3a5af"
"elig_route_bd73fb72103654f30e560a3d","occ_e85edf792d30ee9437c26e8c"
"elig_route_bd73fb72103654f30e560a3d","occ_70de5639d783fa33f928ae94"
"elig_route_bd73fb72103654f30e560a3d","occ_c9505833bd54189711467d90"
"elig_route_bd73fb72103654f30e560a3d","occ_64d5f410b4f2c4b5a3afc147"
"elig_route_bd73fb72103654f30e560a3d","occ_bd20162d12725ba9fc3f8b23"
"elig_route_bd73fb72103654f30e560a3d","occ_a531545f05c857fa8e01f15c"
"elig_route_bd73fb72103654f30e560a3d","occ_6213bf4356dff7d02d222b7d"
"elig_route_bd73fb72103654f30e560a3d","occ_9cf43a5b422bc5771624de40"
"elig_route_bd73fb72103654f30e560a3d","occ_dd608d0a6da626ca0cf768b2"
"elig_route_bd73fb72103654f30e560a3d","occ_f2287fd5e2520c60f3601dd3"
"elig_route_d82d8092609084176b51e6c8","occ_42a22b033c7f3d97ab60c3a3"
"elig_route_d82d8092609084176b51e6c8","occ_364a886180e5d88cbe4cf945"
"elig_route_d82d8092609084176b51e6c8","occ_851fc7833f72b60776b12ee9"
"elig_route_d82d8092609084176b51e6c8","occ_b378616ebabff004f59d9b3b"
"elig_route_d82d8092609084176b51e6c8","occ_a2b20204b2fda954ea30bf4c"
"elig_route_d82d8092609084176b51e6c8","occ_a579ac5db50ec68770ad24d8"
"elig_route_d82d8092609084176b51e6c8","occ_c4874317e5f05c54d3607910"
"elig_route_d82d8092609084176b51e6c8","occ_3b37206a95112806dad704ca"
"elig_route_d82d8092609084176b51e6c8","occ_e927238cf63178949a6a7a3b"
"elig_route_d82d8092609084176b51e6c8","occ_5d9b6a8ce05989c7b83f4623"
"elig_route_d82d8092609084176b51e6c8","occ_0df2dcc1affe6e58ff3127ff"
"elig_route_d82d8092609084176b51e6c8","occ_bb0b7019609a04223bd21c66"
"elig_route_d82d8092609084176b51e6c8","occ_940ad261a17dc66e0bf49e9d"
"elig_route_d82d8092609084176b51e6c8","occ_2c7bc9b1d3f7a1f893695ee7"
"elig_route_d82d8092609084176b51e6c8","occ_8cbf54f365e3e9cc8fe73808"
"elig_route_d82d8092609084176b51e6c8","occ_6349b01e5e6b665459566ea0"
"elig_route_d82d8092609084176b51e6c8","occ_97210d4bb2f607107f9cc97c"
"elig_route_d82d8092609084176b51e6c8","occ_ce3813e10c10426f7451a1a2"
"elig_route_d82d8092609084176b51e6c8","occ_cc7c1b4230224b90c203304a"
"elig_route_d82d8092609084176b51e6c8","occ_e2ca686f6a381f14350bbe28"
"elig_route_d82d8092609084176b51e6c8","occ_9faa7eae3fb0d7c23d033952"
"elig_route_d82d8092609084176b51e6c8","occ_6de325ada6f986d95fe74703"
"elig_route_d82d8092609084176b51e6c8","occ_886294fdb11e48e72f28a186"
"elig_route_d82d8092609084176b51e6c8","occ_41bded082fc7aff7a1d32107"
"elig_route_360473e66c09edd71c8d9032","occ_ba7d8298b404e53ea21fecf7"
"elig_route_360473e66c09edd71c8d9032","occ_600c4fb3cc18c308e7337738"
"elig_route_360473e66c09edd71c8d9032","occ_76520e8faf0a1f4691d99ed7"
"elig_route_360473e66c09edd71c8d9032","occ_4354d2e72d80bcfad383cf6e"
"elig_route_360473e66c09edd71c8d9032","occ_059591ef56cc1a3808247bf9"
"elig_route_360473e66c09edd71c8d9032","occ_3ed29f293a92de2f7770d3f4"
"elig_route_360473e66c09edd71c8d9032","occ_5f4b48651d5b78f2ba3ae0b4"
"elig_route_360473e66c09edd71c8d9032","occ_94c408ba6d3db723ce369b64"
"elig_route_360473e66c09edd71c8d9032","occ_550601dd923025401af31867"
"elig_route_360473e66c09edd71c8d9032","occ_cfbc454b2eb7f92ef1883cb0"
"elig_route_360473e66c09edd71c8d9032","occ_1635d6114a6d34a60a915a90"
"elig_route_360473e66c09edd71c8d9032","occ_975aa63405640f9a79c5abcf"
"elig_route_360473e66c09edd71c8d9032","occ_d0fbbdd74325a6a9e62afc1e"
"elig_route_360473e66c09edd71c8d9032","occ_844ab992d8799c53909e34b8"
"elig_route_360473e66c09edd71c8d9032","occ_9d8037b3cf52d62824887ce7"
"elig_route_360473e66c09edd71c8d9032","occ_a4e17f63cddf8de65e11366b"
"elig_route_360473e66c09edd71c8d9032","occ_be2716cd84691f250b8ed954"
"elig_route_360473e66c09edd71c8d9032","occ_d40e629bb5c24d935855af48"
"elig_route_360473e66c09edd71c8d9032","occ_ab2e450263520154aa98bec8"
"elig_route_360473e66c09edd71c8d9032","occ_8896f71eaa2361d10a916008"
"elig_route_360473e66c09edd71c8d9032","occ_874d7a656e0b82e6213c9bd7"
"elig_route_360473e66c09edd71c8d9032","occ_a4b6c82c5f39a115f9bf1a3e"
"elig_route_360473e66c09edd71c8d9032","occ_0f2863da780e8c24aac507f6"
"elig_route_360473e66c09edd71c8d9032","occ_83b95a222ed1fe9b5a4b41e2"
"elig_route_728df739da130f2a87cbc347","occ_4a98dbd3065bd5418e6dfd73"
"elig_route_728df739da130f2a87cbc347","occ_91c504d1712454fa6dae588d"
"elig_route_728df739da130f2a87cbc347","occ_ebf59307eee4c099043203a9"
"elig_route_728df739da130f2a87cbc347","occ_b3644d33d07ada6424f02a84"
"elig_route_728df739da130f2a87cbc347","occ_1045f535e26c62a5e5c2b513"
"elig_route_728df739da130f2a87cbc347","occ_007c93dd16165151af2208fa"
"elig_route_728df739da130f2a87cbc347","occ_d76ecd00c2919b5689d8d344"
"elig_route_728df739da130f2a87cbc347","occ_c60ad1020ba36edee7e5c919"
"elig_route_728df739da130f2a87cbc347","occ_60ff53fa351cfaa723a98085"
"elig_route_728df739da130f2a87cbc347","occ_980358eec9621264990a2ee3"
"elig_route_728df739da130f2a87cbc347","occ_57f489fa5b926784b0cda572"
"elig_route_978375808bf9b7b589cb6357","occ_74adab44e9c5391532d8fb0e"
"elig_route_b0a3e24bb89fbaa4bbc0cf17","occ_38c71ea412d5ce2103a5d51c"
"elig_route_0d46217ef1724ec2286b19d3","occ_24f88ce60d14bb33476220d9"
"elig_route_9b5ee09c75094d1884cf723c","occ_f20fe70080502dc038bb2a96"
"elig_route_25c27a07b217a626ef2cd252","occ_c2baf2255c29531022c182ec"
"elig_route_db342d8a6b4a6e300c725091","occ_c7f667d139f313e6fe4c1e7f"
"elig_route_bc47a0d95ba2b2e03c7abbbc","occ_94d35e7fe9252cfd003119e4"
"elig_route_4787313256fb9d89d325561e","occ_19f6ce248e6ebe91add98be6"
"elig_route_bfe289cd0ea79eca37b5b014","occ_33d90ddde133927accd74178"
"elig_route_41f632875610fa3098bbdfa5","occ_95f70ddc081f845be4de962f"
"elig_route_bd43ff37656617bd0e55ba16","occ_0adca6f943ea9aba6fc1d424"
"elig_route_bd43ff37656617bd0e55ba16","occ_92378b666c687f6665526a96"
"elig_route_bd43ff37656617bd0e55ba16","occ_e913730de965d08102a5382e"
"elig_route_bd43ff37656617bd0e55ba16","occ_1638ca4e698bfc54010f5d80"
"elig_route_bd43ff37656617bd0e55ba16","occ_2592079b8957243fd4f20d04"
"elig_route_bd43ff37656617bd0e55ba16","occ_7f72d6c783613a91b3580d62"
"elig_route_bd43ff37656617bd0e55ba16","occ_e8b4af65a855dec2998dbaf1"
"elig_route_bd43ff37656617bd0e55ba16","occ_3d7558afde3e89750ab21aaa"
"elig_route_bd43ff37656617bd0e55ba16","occ_d9e3f7ae344d9aaf0c46ace2"
"elig_route_bd43ff37656617bd0e55ba16","occ_3efc444526e7ea551ff9b749"
"elig_route_e1d0704d448d56cec4bf990f","occ_c6a4ad9e3a6532cbbb0b8c7d"
"elig_route_e1d0704d448d56cec4bf990f","occ_b0098d6aa87c6bc0140da4a3"
"elig_route_e1d0704d448d56cec4bf990f","occ_b10f0f5cf6ccf3b2c9e1bbfd"
"elig_route_e1d0704d448d56cec4bf990f","occ_ee5a509e0b9785f9ef98dd73"
"elig_route_e1d0704d448d56cec4bf990f","occ_ab289082dfabbbcdd6dca672"
"elig_route_e1d0704d448d56cec4bf990f","occ_dfe8221a860acd84a567e288"
"elig_route_e1d0704d448d56cec4bf990f","occ_b468ecd14f4f9d19aecb7d0b"
"elig_route_e1d0704d448d56cec4bf990f","occ_d536882a3ea3fe61b5c2da06"
"elig_route_e1d0704d448d56cec4bf990f","occ_4afebd2a36e7278948d336ac"
"elig_route_e1d0704d448d56cec4bf990f","occ_01267b077b383ed606cfecae"
"elig_route_e1d0704d448d56cec4bf990f","occ_0fef92a50e502876a91dbfd7"
"elig_route_e1d0704d448d56cec4bf990f","occ_50c49618be4d3f809fb3029a"
"elig_route_e1d0704d448d56cec4bf990f","occ_6fc81671df49bb46cb08f8a6"
"elig_route_e1d0704d448d56cec4bf990f","occ_0354d40b65f41b7724bf57ba"
"elig_route_e1d0704d448d56cec4bf990f","occ_a34e1587ab28202a02352e66"
"elig_route_e1d0704d448d56cec4bf990f","occ_630f974735acc90fee0b0ad8"
"elig_route_e1d0704d448d56cec4bf990f","occ_6a494fbaae4605572c8637c2"
"elig_route_e1d0704d448d56cec4bf990f","occ_c37e09c23e96f759e705d392"
"elig_route_e1d0704d448d56cec4bf990f","occ_e83a3eb35da5bbe4955e5b07"
"elig_route_e1d0704d448d56cec4bf990f","occ_7e3710b4d76da613c7866a26"
"elig_route_e1d0704d448d56cec4bf990f","occ_1d758daafa34fbf11e52b334"
"elig_route_e1d0704d448d56cec4bf990f","occ_c0520dac6a1e882e938333a3"
"elig_route_e1d0704d448d56cec4bf990f","occ_65ee21f3add93f52da13273f"
"elig_route_e1d0704d448d56cec4bf990f","occ_555b792c57069c37e3ba742b"
"elig_route_690901435f4292868157dcbf","occ_37ce316528a17a16f326b3ed"
"elig_route_690901435f4292868157dcbf","occ_69f11e35d1d28f870b8f64bb"
"elig_route_690901435f4292868157dcbf","occ_44476902cf773ae7204e428f"
"elig_route_690901435f4292868157dcbf","occ_daf9eb0c7315d845c5386c8a"
"elig_route_690901435f4292868157dcbf","occ_8f2f5760192b2fd4c6377635"
"elig_route_690901435f4292868157dcbf","occ_24516cfc55ce0c081df1cd49"
"elig_route_690901435f4292868157dcbf","occ_36ec95a40e9284e43aa3c13c"
"elig_route_690901435f4292868157dcbf","occ_3b967538875af6903ac80bdc"
"elig_route_690901435f4292868157dcbf","occ_b22808cee599a1228e857474"
"elig_route_690901435f4292868157dcbf","occ_dd15f13c8283e87362f8abcd"
"elig_route_690901435f4292868157dcbf","occ_7c3e06e68025d209ab189167"
"elig_route_690901435f4292868157dcbf","occ_4e306c81209f732100ea10f4"
"elig_route_690901435f4292868157dcbf","occ_b6b27d6b0c954335ede95630"
"elig_route_690901435f4292868157dcbf","occ_d465c67273a8d30f8ba9b39c"
"elig_route_690901435f4292868157dcbf","occ_e940bab19512f77f4465a98b"
"elig_route_690901435f4292868157dcbf","occ_2a6e3ccb8d7e8f043ba57faf"
"elig_route_690901435f4292868157dcbf","occ_168f95ca79b8914fae874176"
"elig_route_690901435f4292868157dcbf","occ_bee3639daf922a80c1e1a647"
"elig_route_690901435f4292868157dcbf","occ_1c62e0a4904ea2f0d5e19407"
"elig_route_690901435f4292868157dcbf","occ_2cacd27cd8649c07ebdd1818"
"elig_route_690901435f4292868157dcbf","occ_95cb9cb70454307092a6f49f"
"elig_route_690901435f4292868157dcbf","occ_b7facb523cc7864a8d5d84aa"
"elig_route_690901435f4292868157dcbf","occ_afdd5000a3bd7a14bdd311fb"
"elig_route_690901435f4292868157dcbf","occ_f0e68f5a34aeb667427bb265"
"elig_route_958bdb1088844409ac7aee05","occ_a3bc9a895ef27d21fd9949e6"
"elig_route_958bdb1088844409ac7aee05","occ_4a92161c128839c0a2af1eaa"
"elig_route_958bdb1088844409ac7aee05","occ_7e598d46270b90b25fca53be"
"elig_route_958bdb1088844409ac7aee05","occ_a3e2a5635d3c5c712a67b839"
"elig_route_958bdb1088844409ac7aee05","occ_de02e2cc11af5f6a8e4b418f"
"elig_route_958bdb1088844409ac7aee05","occ_8006d18f65f28d1235c7c51e"
"elig_route_958bdb1088844409ac7aee05","occ_b2c06bfa1ded31db6830f31b"
"elig_route_958bdb1088844409ac7aee05","occ_6087c473b69ba7b3aeb4f3f0"
"elig_route_958bdb1088844409ac7aee05","occ_05c3f289c10ef5cf800b9dea"
"elig_route_958bdb1088844409ac7aee05","occ_e7f920ec8f017523b531593b"
"elig_route_958bdb1088844409ac7aee05","occ_25286d87b0e131b91e4e0f43"
"elig_route_bdd17a489bcf9609a3b5cdbc","occ_f20fe70080502dc038bb2a96"
"elig_route_8ace599f10e87c25e89eb6a0","occ_c2baf2255c29531022c182ec"
"elig_route_20add507459ca984e6034b1c","occ_09415981593a17b9c594bf15"
"elig_route_0349fb4d5967316465c00387","occ_f98e41493070491aebb950a1"
"elig_route_e316cd498c5f30be8e360e2f","occ_2ede2429a99783ca63d4e08a"
"elig_route_e8b39ccba31d7f5450dd80c6","occ_f32943849f7b54ebf5d990f1"
"elig_route_f7d4cde31e9b756b3b7afa61","occ_bb1166a3ceea1357ec4b8a70"
"elig_route_a56c86c19a80b888c91069ff","occ_8726b505f7cad4ba59782572"
"elig_route_2b66f26ad81e1077b7ab4bd7","occ_e561bb564157d433162fbbff"
"elig_route_c16df11aefd1df53a1b9afe6","occ_7701218e515227d9c7e103ec"
"elig_route_c16df11aefd1df53a1b9afe6","occ_2a6d4128f75f3be61c4d5788"
"elig_route_c16df11aefd1df53a1b9afe6","occ_cf0a2a7228a2203569eb3c23"
"elig_route_c16df11aefd1df53a1b9afe6","occ_12d5377e3b60b2c841606404"
"elig_route_c16df11aefd1df53a1b9afe6","occ_5b7b7772f9aaa25bfaa715c6"
"elig_route_c16df11aefd1df53a1b9afe6","occ_16f2dc97f10fa230c00799ea"
"elig_route_c16df11aefd1df53a1b9afe6","occ_da922c161dd04f6aa1c2f1df"
"elig_route_c16df11aefd1df53a1b9afe6","occ_b9ecf2b596109d24e16d5e10"
"elig_route_c16df11aefd1df53a1b9afe6","occ_c786b1ab3d51e04cc90a9ba8"
"elig_route_c16df11aefd1df53a1b9afe6","occ_38b61e0e001f69d1b71dfab6"
"elig_route_54782e9be5d661c24b1f223f","occ_8dd80e522940e8d3187b58bd"
"elig_route_54782e9be5d661c24b1f223f","occ_48c589cf243d9a71b28f5e0f"
"elig_route_54782e9be5d661c24b1f223f","occ_9b76b6981165366dd5f852f7"
"elig_route_54782e9be5d661c24b1f223f","occ_0b981dd43f18173f5b41b563"
"elig_route_54782e9be5d661c24b1f223f","occ_96940808020898946072afda"
"elig_route_54782e9be5d661c24b1f223f","occ_c41e8c634e5a328517d1d181"
"elig_route_54782e9be5d661c24b1f223f","occ_873a0afe5474038ea91ef1e5"
"elig_route_54782e9be5d661c24b1f223f","occ_670a58499a3002fc0f52a28f"
"elig_route_54782e9be5d661c24b1f223f","occ_000c5b5a4cbc5cb2d742080d"
"elig_route_54782e9be5d661c24b1f223f","occ_e507f977d852e15e32d9f7dd"
"elig_route_54782e9be5d661c24b1f223f","occ_7cbf5de9c83b810e5d8f17e7"
"elig_route_54782e9be5d661c24b1f223f","occ_ab230c3658735319b7e57138"
"elig_route_54782e9be5d661c24b1f223f","occ_4e1713c8f307a7c2522820fc"
"elig_route_54782e9be5d661c24b1f223f","occ_434ad7ddbe5b4b0f2c562419"
"elig_route_54782e9be5d661c24b1f223f","occ_8f8e00dafe82cef4f2747fa7"
"elig_route_54782e9be5d661c24b1f223f","occ_cfed6d60e37acd18f1ecdc7d"
"elig_route_54782e9be5d661c24b1f223f","occ_17d91c7f6e40b3fc3c865025"
"elig_route_54782e9be5d661c24b1f223f","occ_ae97c7f069b8e4f09294ac9c"
"elig_route_54782e9be5d661c24b1f223f","occ_e820c027462a28cd3a139728"
"elig_route_54782e9be5d661c24b1f223f","occ_47bc4953d9e5f5d5b13dd25d"
"elig_route_54782e9be5d661c24b1f223f","occ_27e22c8b62f8df1f0800d652"
"elig_route_54782e9be5d661c24b1f223f","occ_d7b098bb2d6ac8b474e9b93a"
"elig_route_54782e9be5d661c24b1f223f","occ_45cbaa4007aca5829093009c"
"elig_route_54782e9be5d661c24b1f223f","occ_f997532113a020eadc9fec06"
"elig_route_5dff605965219e27a94a6860","occ_e3c63f43aed7c15ddc76ef84"
"elig_route_5dff605965219e27a94a6860","occ_8c614b06d4816619ff987e2a"
"elig_route_5dff605965219e27a94a6860","occ_7cc16d01a7f6443293b433db"
"elig_route_5dff605965219e27a94a6860","occ_64f1719dbcd97ea3f14e477d"
"elig_route_5dff605965219e27a94a6860","occ_0f8df521c376d317967a24ca"
"elig_route_5dff605965219e27a94a6860","occ_b7f7c7505e5803831814b231"
"elig_route_5dff605965219e27a94a6860","occ_5298a87f57e4328ade9e46bf"
"elig_route_5dff605965219e27a94a6860","occ_21b54b3122834e7114e44583"
"elig_route_5dff605965219e27a94a6860","occ_abbd740a09666b06d094ff97"
"elig_route_5dff605965219e27a94a6860","occ_a82a794961d7c01c064e9f4a"
"elig_route_5dff605965219e27a94a6860","occ_a3bb842be5edb021122ce4db"
"elig_route_5dff605965219e27a94a6860","occ_4e9dfc4a1fc8ce91205d5efe"
"elig_route_5dff605965219e27a94a6860","occ_ca693f95d7d89a0360b262d6"
"elig_route_5dff605965219e27a94a6860","occ_07417defd36f35a8f106baeb"
"elig_route_5dff605965219e27a94a6860","occ_817fe16facd469006c467fb1"
"elig_route_5dff605965219e27a94a6860","occ_1a20552d7fd6d07e8d347c46"
"elig_route_5dff605965219e27a94a6860","occ_d2a8841e86fabc846254345d"
"elig_route_5dff605965219e27a94a6860","occ_6861dc8c5b6ec94349180f9b"
"elig_route_5dff605965219e27a94a6860","occ_d371b911dbc8e2460f728b76"
"elig_route_5dff605965219e27a94a6860","occ_862ea5eb8c986739bc11fa99"
"elig_route_5dff605965219e27a94a6860","occ_b31ca0c6de551a8f4b641a40"
"elig_route_5dff605965219e27a94a6860","occ_552025e857dada2a8dd012d2"
"elig_route_5dff605965219e27a94a6860","occ_95c721317c4f966c57566380"
"elig_route_5dff605965219e27a94a6860","occ_13bf7addcbb14096b9bf03ec"
"elig_route_3625f5fe88bc7aaaaa79dd2c","occ_3021baaa21263e5c50ef15d8"
"elig_route_3625f5fe88bc7aaaaa79dd2c","occ_acdc9e621abbc7433b15ba05"
"elig_route_3625f5fe88bc7aaaaa79dd2c","occ_ab863b2b6ee897703ef12223"
"elig_route_3625f5fe88bc7aaaaa79dd2c","occ_cd11554342ee287050551038"
"elig_route_3625f5fe88bc7aaaaa79dd2c","occ_00989b59b254b9f4c1f044cb"
"elig_route_3625f5fe88bc7aaaaa79dd2c","occ_e6372e88d60330fe71f464d4"
"elig_route_3625f5fe88bc7aaaaa79dd2c","occ_fa413e34be9dd76dd2f8a005"
"elig_route_3625f5fe88bc7aaaaa79dd2c","occ_752fcf8ea134da2a9503d52c"
"elig_route_3625f5fe88bc7aaaaa79dd2c","occ_de1dd8a6bf98d7d7e0c900e0"
"elig_route_3625f5fe88bc7aaaaa79dd2c","occ_098046ab007e26fa9f24d619"
"elig_route_3625f5fe88bc7aaaaa79dd2c","occ_5cfc81f3ef8edfb01232cfaa"
"elig_route_2d7d19185decd6e91f343b1b","occ_f98e41493070491aebb950a1"
"elig_route_3c97b2fcfe50eccbeb5a49c8","occ_2ede2429a99783ca63d4e08a"
"elig_route_ababf27d0125158a90a824c3","occ_67074863226c8310b61d13d6"
"elig_route_fcdc0c5514598de2ef7049cb","occ_9bf883a5d4208a4a7b0f7a01"
"elig_route_be7846acc649cec6ecb27633","occ_4fdb8e7e6c5c5f35765f9096"
"elig_route_6fe11948fa3ff7ad89caf5c6","occ_a532752912d460dd14117a69"
"elig_route_a46284986adf2089ae9e7e5e","occ_12baad39df3f9ae3ef65bdf0"
"elig_route_8d7c6783aefe5c59eb850dfc","occ_1364dcafea017a52c9902929"
"elig_route_719ea1dd28f4d922cbfcb587","occ_5d1524fdaee185e971ebdd69"
"elig_route_4902a9a573c2f0035a06f4a2","occ_744d68d173a633906300907e"
"elig_route_4902a9a573c2f0035a06f4a2","occ_3ca93e0ab05bc4082812e73a"
"elig_route_4902a9a573c2f0035a06f4a2","occ_47855bd0985112aecc55c9b0"
"elig_route_4902a9a573c2f0035a06f4a2","occ_cbd23617e27aad2f621ff25a"
"elig_route_4902a9a573c2f0035a06f4a2","occ_c1c15251aa6557bed351701e"
"elig_route_4902a9a573c2f0035a06f4a2","occ_c73cfff56be9be3ee33c0b04"
"elig_route_4902a9a573c2f0035a06f4a2","occ_deb7d7e4edce32467423abdb"
"elig_route_4902a9a573c2f0035a06f4a2","occ_9744ee6bc2ce4fc243f30825"
"elig_route_4902a9a573c2f0035a06f4a2","occ_8a8a078b9b0789659bca7beb"
"elig_route_4902a9a573c2f0035a06f4a2","occ_a0fc6d62ef06c9bad459b758"
"elig_route_208dde9009a99f7f306bbb02","occ_eeec0d1f758dfc76a29a2d5d"
"elig_route_208dde9009a99f7f306bbb02","occ_b257cc4141adf926e9e28998"
"elig_route_208dde9009a99f7f306bbb02","occ_73771526290dcd7d07b4ed4c"
"elig_route_208dde9009a99f7f306bbb02","occ_b7bb59517898c6004a9d072f"
"elig_route_208dde9009a99f7f306bbb02","occ_b6f4e4a7aa9d840a0a2805f6"
"elig_route_208dde9009a99f7f306bbb02","occ_308df3c8c82cad0fc27827e8"
"elig_route_208dde9009a99f7f306bbb02","occ_ff8608e3c38b25b85760e89c"
"elig_route_208dde9009a99f7f306bbb02","occ_de2faaf04d25211c1fbdadac"
"elig_route_208dde9009a99f7f306bbb02","occ_7d303537934fbf4c49ddf798"
"elig_route_208dde9009a99f7f306bbb02","occ_d992d55ceebbe00b0f839ae0"
"elig_route_208dde9009a99f7f306bbb02","occ_1421c7cf3a9a310c6717b587"
"elig_route_208dde9009a99f7f306bbb02","occ_934309f41364da7d9ed1af47"
"elig_route_208dde9009a99f7f306bbb02","occ_e61c5c7fefdb7a4ce4cb27f7"
"elig_route_208dde9009a99f7f306bbb02","occ_eb1eae85d9e7d2eaa67a5590"
"elig_route_208dde9009a99f7f306bbb02","occ_5fc872701d487b41649f23b5"
"elig_route_208dde9009a99f7f306bbb02","occ_73a1c7da1d5ce1df5a94d226"
"elig_route_208dde9009a99f7f306bbb02","occ_6b255dd4fb9fed364cb62e89"
"elig_route_208dde9009a99f7f306bbb02","occ_a52f3dce499bd8e43b36d1c6"
"elig_route_208dde9009a99f7f306bbb02","occ_20032f31deddf326819c70a0"
"elig_route_208dde9009a99f7f306bbb02","occ_d533c9ee5858ee324de638f2"
"elig_route_208dde9009a99f7f306bbb02","occ_ae494b0a6c4a58903c564d1c"
"elig_route_208dde9009a99f7f306bbb02","occ_cb5ad964067178812147fae3"
"elig_route_208dde9009a99f7f306bbb02","occ_efba779bb0fe717c95547529"
"elig_route_208dde9009a99f7f306bbb02","occ_c03a216454bc714845684179"
"elig_route_84811519dea89eca37c0af04","occ_d5bbfb088c2c30b92dd7d55a"
"elig_route_84811519dea89eca37c0af04","occ_aac77a76feb2560db6aa58d7"
"elig_route_84811519dea89eca37c0af04","occ_6a0ca4e63eb4a4b807ec28b8"
"elig_route_84811519dea89eca37c0af04","occ_334d8fe72a12e4b8be055d46"
"elig_route_84811519dea89eca37c0af04","occ_f982a291d982fa076b411c93"
"elig_route_84811519dea89eca37c0af04","occ_021429d5bec74d08c637ccf6"
"elig_route_84811519dea89eca37c0af04","occ_8b3bbcfa2f3d1ede3c6bf2df"
"elig_route_84811519dea89eca37c0af04","occ_5f731d2a16f3af583656d973"
"elig_route_84811519dea89eca37c0af04","occ_97afe7b0fb091da4afb1a95c"
"elig_route_84811519dea89eca37c0af04","occ_5eee2e3d5df4309229d62ca1"
"elig_route_84811519dea89eca37c0af04","occ_550fba89c7a9b7d922831baf"
"elig_route_84811519dea89eca37c0af04","occ_31c6b1b59344d88b847cf0f4"
"elig_route_84811519dea89eca37c0af04","occ_85b44615b67ecafc34d9ab5b"
"elig_route_84811519dea89eca37c0af04","occ_1e4e6d9dc74c44df8e55b58e"
"elig_route_84811519dea89eca37c0af04","occ_754dad2968b8df82f78806e1"
"elig_route_84811519dea89eca37c0af04","occ_63c9acf3f822dedc03a31e41"
"elig_route_84811519dea89eca37c0af04","occ_2d57627e2979991495ee63db"
"elig_route_84811519dea89eca37c0af04","occ_5990463914c4a3526d36bae5"
"elig_route_84811519dea89eca37c0af04","occ_d7476847332f185a7538f260"
"elig_route_84811519dea89eca37c0af04","occ_71a9a70641bfa1dd742bbd21"
"elig_route_84811519dea89eca37c0af04","occ_51764d058ab2bc457392bddd"
"elig_route_84811519dea89eca37c0af04","occ_cf5f7fdc97e3cf98540c9ecb"
"elig_route_84811519dea89eca37c0af04","occ_2d0fb89c5c8b84c10d3e1b2f"
"elig_route_84811519dea89eca37c0af04","occ_f5f6cedbcd84e96f0141fa41"
"elig_route_555402e6d9c9ea17bdf71db1","occ_2205a49d3a7f3c72435842fb"
"elig_route_555402e6d9c9ea17bdf71db1","occ_668a2ac474416d7fc0c837e4"
"elig_route_555402e6d9c9ea17bdf71db1","occ_dc7214cec28178cc04a9077e"
"elig_route_555402e6d9c9ea17bdf71db1","occ_3d9e071e8dfdb1c0baf5da34"
"elig_route_555402e6d9c9ea17bdf71db1","occ_ab85cdcbaaf557c9491e6237"
"elig_route_555402e6d9c9ea17bdf71db1","occ_03ccdab8fb67f1ec00338a2d"
"elig_route_555402e6d9c9ea17bdf71db1","occ_f2fe9646017fe513cf9d176e"
"elig_route_555402e6d9c9ea17bdf71db1","occ_e819e1d80231b998c78e2e9d"
"elig_route_555402e6d9c9ea17bdf71db1","occ_497f2f3d4de840d819a75d8c"
"elig_route_555402e6d9c9ea17bdf71db1","occ_8228aa137e108eb1179f23b9"
"elig_route_555402e6d9c9ea17bdf71db1","occ_91b9b0ee07ff8410c24d298a"
"elig_route_2b47b6b26977ce3205e4e60a","occ_9bf883a5d4208a4a7b0f7a01"
"elig_route_ec473c72d161a4e5e574229d","occ_4fdb8e7e6c5c5f35765f9096"
"elig_route_6da0f68979495f64d7b7f029","occ_bec1b8e0cdd3a1ac8409ec35"
"elig_route_ea5408cb1523047ec534d514","occ_5cb79e62dcb68b2e832d6945"
"elig_route_28fe0b1f0fed909b62b77506","occ_fa73817596c4ba2f5d67f080"
"elig_route_a328f0a2c645d492606f7496","occ_09a6ac2a7df5ed914b5a54e6"
"elig_route_1941ee36d421f5141759ad34","occ_92ef604c59688e0defb490de"
"elig_route_594054a35b841c6a2a09a479","occ_e9c18a7ae09108c7329f055c"
"elig_route_644dba69ef1d21de09c9a392","occ_85ccfb8e444606772443fac3"
"elig_route_b46cf065c2b454ebf71c17a5","occ_99a277134022a9258765f66d"
"elig_route_b46cf065c2b454ebf71c17a5","occ_0b6a7e772af9444b4e2fa9f4"
"elig_route_b46cf065c2b454ebf71c17a5","occ_dc2aca2e8e6e15efa4b967c3"
"elig_route_b46cf065c2b454ebf71c17a5","occ_7cd77aae7d9a44d4e1be91c2"
"elig_route_b46cf065c2b454ebf71c17a5","occ_5534a7b3ad87762a2bf4d514"
"elig_route_b46cf065c2b454ebf71c17a5","occ_57a1a2351254cc0363b11aa4"
"elig_route_b46cf065c2b454ebf71c17a5","occ_58ee242a87da5973fbf079c2"
"elig_route_b46cf065c2b454ebf71c17a5","occ_9c92993843a85a97642ba7b6"
"elig_route_b46cf065c2b454ebf71c17a5","occ_e8c1275f1109d082ef5069c1"
"elig_route_b46cf065c2b454ebf71c17a5","occ_2d53ca7ab09f7fea2aeff274"
"elig_route_b46cf065c2b454ebf71c17a5","occ_b2d14391e4d6c6ca04a69f6f"
"elig_route_b46cf065c2b454ebf71c17a5","occ_61939791193e13e923bd46ab"
"elig_route_b46cf065c2b454ebf71c17a5","occ_7497f530169803426be030a4"
"elig_route_b46cf065c2b454ebf71c17a5","occ_dc27bbd9ea1cacf0814be0cd"
"elig_route_b46cf065c2b454ebf71c17a5","occ_d22261ab36ac651b15728400"
"elig_route_b46cf065c2b454ebf71c17a5","occ_e9e0a2394668872373fa427f"
"elig_route_b46cf065c2b454ebf71c17a5","occ_7bad12e66e99a61bac16a22c"
"elig_route_b46cf065c2b454ebf71c17a5","occ_06f9bcfb4b42afef106cd415"
"elig_route_b46cf065c2b454ebf71c17a5","occ_779cf947a6ac0e99f6f38d09"
"elig_route_b46cf065c2b454ebf71c17a5","occ_12d3012b0cabf9f4d6f01089"
"elig_route_b46cf065c2b454ebf71c17a5","occ_1c33364b5b39ecd7f7b31ef1"
"elig_route_b46cf065c2b454ebf71c17a5","occ_5b810c8f283c541d096c950f"
"elig_route_b46cf065c2b454ebf71c17a5","occ_d28d30fc4b243d81f03421ec"
"elig_route_b46cf065c2b454ebf71c17a5","occ_7a7119c7e3961ba5c00cf033"
"elig_route_7e11b71f9775f20279ddac78","occ_d4425a964aec99b1a24e95a2"
"elig_route_7e11b71f9775f20279ddac78","occ_3c26bfea7345dbb8b60b7b17"
"elig_route_7e11b71f9775f20279ddac78","occ_5b5465fdfe7d42db5a2074c4"
"elig_route_7e11b71f9775f20279ddac78","occ_d2eda041ec641090fb50c486"
"elig_route_7e11b71f9775f20279ddac78","occ_0a20066332db9d67841fdc39"
"elig_route_7e11b71f9775f20279ddac78","occ_231a5505d5e43d07cdd10a42"
"elig_route_7e11b71f9775f20279ddac78","occ_6bd4325956c78e4835535104"
"elig_route_7e11b71f9775f20279ddac78","occ_530defa9dae97e417ddcb7cd"
"elig_route_7e11b71f9775f20279ddac78","occ_47a110566911fe54367c3162"
"elig_route_7e11b71f9775f20279ddac78","occ_afba9089df35664b1904a6c6"
"elig_route_7e11b71f9775f20279ddac78","occ_a4a3295db7940a729af1daf7"
"elig_route_8f35c5afa398e98da5782325","occ_5cb79e62dcb68b2e832d6945"
"elig_route_57c98c5dba4f8f85d5fd2756","occ_fa73817596c4ba2f5d67f080"
"elig_route_34a639d4a930c9104af7b99d","occ_bb5b5f59e557f75f91487185"
"elig_route_4931ed4e3caa4f624e7a4ec3","occ_22ebc6afb2217b86e0710078"
"elig_route_104ddcad8ea8a1fe5bb362a9","occ_9d04681c71769999710bd1a7"
"elig_route_97837191cdfc07be0cac8312","occ_c636960cfceebe27546791c1"
"elig_route_9d03846cf63bd9400b6f9ca9","occ_09021923d64d02fd16dab3a1"
"elig_route_3f19cf856c170dfc022bda7f","occ_de0bad55d3c06d1918a8b11c"
"elig_route_6f80d51d62091c82e0dd4c5d","occ_8f38be10f4d97d17b03a1dbe"
"elig_route_ef623d190595969b634d3005","occ_67bc5e72aba3169eb2011d2e"
"elig_route_7fae000f5ca53c1b754ddaf5","occ_60c76575d9ac5749796c1702"
"elig_route_7fae000f5ca53c1b754ddaf5","occ_c204a43ba6ff3e89411cb2f1"
"elig_route_7fae000f5ca53c1b754ddaf5","occ_c6069ccf08092ee871894b0c"
"elig_route_7fae000f5ca53c1b754ddaf5","occ_b3d5cc335ea37763f9831022"
"elig_route_7fae000f5ca53c1b754ddaf5","occ_e98bb880704512fb2e2ce9f6"
"elig_route_7fae000f5ca53c1b754ddaf5","occ_ec6d9de4180ac7330590cd43"
"elig_route_7fae000f5ca53c1b754ddaf5","occ_82848bff1e82f37bbe6d1d82"
"elig_route_7fae000f5ca53c1b754ddaf5","occ_11745333dfff7a623cb2850f"
"elig_route_7fae000f5ca53c1b754ddaf5","occ_de43cc7821ec631a81968927"
"elig_route_7fae000f5ca53c1b754ddaf5","occ_97c73394b984ea7d23c526c2"
"elig_route_7fae000f5ca53c1b754ddaf5","occ_a0822b47a8d3ec8af72a9ef0"
"elig_route_7fae000f5ca53c1b754ddaf5","occ_2c5e3a0e07d9f4203b201337"
"elig_route_7fae000f5ca53c1b754ddaf5","occ_d696ae2b04c10704a559ed71"
"elig_route_7fae000f5ca53c1b754ddaf5","occ_ad47a184eae0a0fa20a72793"
"elig_route_7fae000f5ca53c1b754ddaf5","occ_a77c4bd2b34b55c6aeae38ee"
"elig_route_7fae000f5ca53c1b754ddaf5","occ_71117eb28c37c645867bc6a2"
"elig_route_7fae000f5ca53c1b754ddaf5","occ_3c26e5f8dcfa5211ecaacbcd"
"elig_route_7fae000f5ca53c1b754ddaf5","occ_ac0a178a2559cfc392d890bf"
"elig_route_7fae000f5ca53c1b754ddaf5","occ_dca62b5a7fe7694ceaadddfb"
"elig_route_7fae000f5ca53c1b754ddaf5","occ_34d222f9ee99f2ba3d44a28a"
"elig_route_7fae000f5ca53c1b754ddaf5","occ_50692abce4f7012be3d26c8a"
"elig_route_7fae000f5ca53c1b754ddaf5","occ_d2b28cb56526a70e30cc38e3"
"elig_route_7fae000f5ca53c1b754ddaf5","occ_af0e9c2444783ee46523b5af"
"elig_route_7fae000f5ca53c1b754ddaf5","occ_d7b710cd37998017b78a2de0"
"elig_route_7fae000f5ca53c1b754ddaf5","occ_c20b4395eee8b9eb1afad0c4"
"elig_route_9a6b6c857f773a06794ec623","occ_a84e6f00724fb32081505b0c"
"elig_route_9a6b6c857f773a06794ec623","occ_cb42a9ddecd7e8862dabc924"
"elig_route_9a6b6c857f773a06794ec623","occ_db9ebfd98ebef9cc0409e2cf"
"elig_route_9a6b6c857f773a06794ec623","occ_8f753d75e8bd12f650815c4a"
"elig_route_9a6b6c857f773a06794ec623","occ_9e554f1411a5adae4815b324"
"elig_route_9a6b6c857f773a06794ec623","occ_b18a91b1e0f6994eae4646f7"
"elig_route_9a6b6c857f773a06794ec623","occ_06bd8ca9c949e96c97bbe818"
"elig_route_9a6b6c857f773a06794ec623","occ_b953d4ddce86959a375301d8"
"elig_route_9a6b6c857f773a06794ec623","occ_c769d26523906876c7bcad63"
"elig_route_9a6b6c857f773a06794ec623","occ_a04aa7b6c7239b111db04638"
"elig_route_9a6b6c857f773a06794ec623","occ_3db1305a6a1d00eeadcfc40b"
"elig_route_9a7d2456f9b04fc11db8b5da","occ_9d04681c71769999710bd1a7"
"elig_route_d3edfeb706205567efe8f9dc","occ_c636960cfceebe27546791c1"
"elig_route_08e2a58912d6d5f6f4c2aa13","occ_8f6aa3593d4d8648c5966f47"
"elig_route_8b9112e94ef9794e59cf3383","occ_573cb3196842ab9393653f99"
"elig_route_f5c14cfd3c9e6b2d856843ed","occ_aab6fa355906dda5cddb099a"
"elig_route_06878e3ee64582a86eb2c305","occ_2cfce4d593c50e7a24bc891c"
"elig_route_f10790cabdfe46fed4399163","occ_d20498c2b143a27b31df5ff6"
"elig_route_84b546d0eda9d7219c1fbc45","occ_d30d16e40a72cfe516a81b5c"
"elig_route_c6f4d565c8faa02b73eef4b0","occ_45ba8f427a3d9cef96afdbf2"
"elig_route_6f76e51eaa30665206cf9264","occ_b26831156490483d35ccefa9"
"elig_route_6f76e51eaa30665206cf9264","occ_9c6bb2f0344ef12ba5701337"
"elig_route_6f76e51eaa30665206cf9264","occ_48c8835062712d7f16cadbfd"
"elig_route_6f76e51eaa30665206cf9264","occ_4f08f94676b20449acd4977a"
"elig_route_6f76e51eaa30665206cf9264","occ_79c0ae98cb4d768a846cfd3f"
"elig_route_6f76e51eaa30665206cf9264","occ_078ca5c107d38899850c0f3f"
"elig_route_6f76e51eaa30665206cf9264","occ_08bfa4919da65849fab15e8f"
"elig_route_6f76e51eaa30665206cf9264","occ_f87c01047db2ad3b956addd9"
"elig_route_6f76e51eaa30665206cf9264","occ_59ce95fb94ef6ad2f41d0a7e"
"elig_route_6f76e51eaa30665206cf9264","occ_ca4cb76c9f7d20e01f088ee0"
"elig_route_6f76e51eaa30665206cf9264","occ_d6ee9ba00d6f20894e94c657"
"elig_route_6f76e51eaa30665206cf9264","occ_5e6aea0f3138f271ebd60c11"
"elig_route_6f76e51eaa30665206cf9264","occ_d011514497677b6a34363b9e"
"elig_route_6f76e51eaa30665206cf9264","occ_99c530bd530f4cd6f3ee8cb3"
"elig_route_6f76e51eaa30665206cf9264","occ_93978e415d7d28f02338d24f"
"elig_route_6f76e51eaa30665206cf9264","occ_c12bdd65b7754f1424eccd81"
"elig_route_6f76e51eaa30665206cf9264","occ_b5ea8499d762b5dee5dfecf0"
"elig_route_6f76e51eaa30665206cf9264","occ_7ab5575d10f00e380d4a99b9"
"elig_route_6f76e51eaa30665206cf9264","occ_8f02bc1dcf6e81ed5c3f9073"
"elig_route_6f76e51eaa30665206cf9264","occ_5b228363854bfa2125748a55"
"elig_route_6f76e51eaa30665206cf9264","occ_5b61458581ac846740e231a1"
"elig_route_6f76e51eaa30665206cf9264","occ_c5e2f8f2200cc4a3e88e609f"
"elig_route_6f76e51eaa30665206cf9264","occ_32d3dc63c53a978a717178e7"
"elig_route_6f76e51eaa30665206cf9264","occ_0b82beb1ae1959908cd2f6bc"
"elig_route_6f76e51eaa30665206cf9264","occ_63bb196831ab462986d109ce"
"elig_route_c0d32743cb43608dda386494","occ_4c2968206939989c524fba96"
"elig_route_c0d32743cb43608dda386494","occ_fce9e60f6d6a36bc2a8a3322"
"elig_route_c0d32743cb43608dda386494","occ_b58e73caa24c0badbea35698"
"elig_route_c0d32743cb43608dda386494","occ_73f259fe40d823bbbc88f139"
"elig_route_c0d32743cb43608dda386494","occ_5f59132c9418967a9cb48967"
"elig_route_c0d32743cb43608dda386494","occ_9b5d9e07fc3591fe3a31dcc3"
"elig_route_c0d32743cb43608dda386494","occ_17a03361e5f250d1cc0d9b93"
"elig_route_c0d32743cb43608dda386494","occ_47e46ecd6d0fcac6b3c48714"
"elig_route_c0d32743cb43608dda386494","occ_5b0d23c249881e5376cd3db4"
"elig_route_c0d32743cb43608dda386494","occ_f6b697c1126b860013702b47"
"elig_route_c0d32743cb43608dda386494","occ_b963a5bf21968c161cf1d1ae"
"elig_route_66b8df095401b9a74d959374","occ_573cb3196842ab9393653f99"
"elig_route_ccc6c989849a03bbeb67a230","occ_aab6fa355906dda5cddb099a"
"elig_route_20188e1d6857d2c98c776896","occ_29a941be6d07c3783f5cde1a"
"elig_route_a5d88309512fd52787a07982","occ_b1783fa946ecbb7b25ab78ef"
"elig_route_4e1988aee559f649c1f2949a","occ_0c0b15d341579b5fc0671a0d"
"elig_route_da4898db7d9e22991964acd2","occ_040c33e22c6f95734236c34a"
"elig_route_29c625db2da090affc563c73","occ_175f485d3da978cc6769d841"
"elig_route_263a2cf53effd9b1ff61c829","occ_474e0100c3eaf5d61b1810f0"
"elig_route_52cf9f73f34bbf5540a358bb","occ_63a838b142ab67cec528e6dd"
"elig_route_0a9b2f11d53ee1060f7c5b80","occ_ca521d1f9a6df95ec09d90d5"
"elig_route_a745e99747e8b387996f3fe9","occ_38844b41c5d9e349654593b4"
"elig_route_dd27d706f65074a61b50e227","occ_13b3c2ebb2a075962ae7693c"
"elig_route_dd27d706f65074a61b50e227","occ_015e1bcd00981de27c79b379"
"elig_route_dd27d706f65074a61b50e227","occ_403301d733614ed4fda4bdc7"
"elig_route_dd27d706f65074a61b50e227","occ_81910577159bd5a6d7b0b253"
"elig_route_dd27d706f65074a61b50e227","occ_bd4d3a6bbd415d3813a809eb"
"elig_route_dd27d706f65074a61b50e227","occ_fad7cf6969f56bc6461a8277"
"elig_route_dd27d706f65074a61b50e227","occ_834e1894f9beee67259eac35"
"elig_route_dd27d706f65074a61b50e227","occ_6ef0e4187d42e7a0803f507c"
"elig_route_dd27d706f65074a61b50e227","occ_fd10e20222c5bd96baacaf56"
"elig_route_dd27d706f65074a61b50e227","occ_a1048b329ee7dcffcecc2168"
"elig_route_dd27d706f65074a61b50e227","occ_fa0e5e251879bf8538a3d9af"
"elig_route_dd27d706f65074a61b50e227","occ_b4db7e5b7bbc24bd48a2e1c6"
"elig_route_dd27d706f65074a61b50e227","occ_b8d7eb9582a9c78e27c851ff"
"elig_route_dd27d706f65074a61b50e227","occ_0648d35c64b77446234bfbd5"
"elig_route_dd27d706f65074a61b50e227","occ_b7b549dfc4caf564a881ab59"
"elig_route_dd27d706f65074a61b50e227","occ_04a36bdaea14b195f896fea2"
"elig_route_dd27d706f65074a61b50e227","occ_8b642534bd24085020c09b47"
"elig_route_dd27d706f65074a61b50e227","occ_b3e17560f7e2d95a0d845ea6"
"elig_route_dd27d706f65074a61b50e227","occ_3a599694ee5e282ea2f2a82a"
"elig_route_dd27d706f65074a61b50e227","occ_12566fc952806d1a573f800f"
"elig_route_dd27d706f65074a61b50e227","occ_a52e954cabcf0d7e78893c10"
"elig_route_dd27d706f65074a61b50e227","occ_4a74e152264c91d27aa331d5"
"elig_route_dd27d706f65074a61b50e227","occ_2cb1d55ade0d9a2ea00e3903"
"elig_route_dd27d706f65074a61b50e227","occ_0086294d88c3b650b116a22d"
"elig_route_dd27d706f65074a61b50e227","occ_05896e10d1329a0620278850"
"elig_route_1f2e8f40cb47691dca6fc999","occ_6b55123aa09a8f4b3974c511"
"elig_route_1f2e8f40cb47691dca6fc999","occ_a530a53f3016162ae5af7966"
"elig_route_1f2e8f40cb47691dca6fc999","occ_92e2279699909ae777297eea"
"elig_route_1f2e8f40cb47691dca6fc999","occ_1542c0137baf9829915646b6"
"elig_route_1f2e8f40cb47691dca6fc999","occ_8ecee742c2910a4f5c42b1c2"
"elig_route_1f2e8f40cb47691dca6fc999","occ_648c181f47cca67e567ab7f1"
"elig_route_1f2e8f40cb47691dca6fc999","occ_3f1d4019b3e2fa11e2c7be2f"
"elig_route_1f2e8f40cb47691dca6fc999","occ_d5558365b3e965d78306b524"
"elig_route_1f2e8f40cb47691dca6fc999","occ_f75fa230a19a946b441197b2"
"elig_route_1f2e8f40cb47691dca6fc999","occ_07b8ebe767564bb209319116"
"elig_route_1f2e8f40cb47691dca6fc999","occ_aa0b9f9b49e9e9da9141e1c2"
"elig_route_1f2e8f40cb47691dca6fc999","occ_cec9c2c47d63a3c6cdba227f"
"elig_route_1f2e8f40cb47691dca6fc999","occ_1e30a2dededa785b7d85f760"
"elig_route_1f2e8f40cb47691dca6fc999","occ_1d79c9bff165b510b67e64af"
"elig_route_1f2e8f40cb47691dca6fc999","occ_64b3e75504db5094dabc0f57"
"elig_route_1f2e8f40cb47691dca6fc999","occ_40c426d54549d649f40962ef"
"elig_route_1f2e8f40cb47691dca6fc999","occ_360ce12ab77929235085f25f"
"elig_route_1f2e8f40cb47691dca6fc999","occ_5782c0d60eed75c1f09fd8e3"
"elig_route_1f2e8f40cb47691dca6fc999","occ_0d41db9d3a93c8f9dea25d56"
"elig_route_1f2e8f40cb47691dca6fc999","occ_c2bde5789ac90246f34230c5"
"elig_route_1f2e8f40cb47691dca6fc999","occ_dfd5bf7caf6bc92a1d42f2fe"
"elig_route_1f2e8f40cb47691dca6fc999","occ_b7439b26420828cb5520cfe4"
"elig_route_1f2e8f40cb47691dca6fc999","occ_8f662004d0810f2b79b31a3d"
"elig_route_1f2e8f40cb47691dca6fc999","occ_ae55dee8417f46c499458057"
"elig_route_1f2e8f40cb47691dca6fc999","occ_108120b95b27eb19bf96a837"
"elig_route_9d4fa0cd5d1988b5138ee20e","occ_8cb7141acd9929b4877afeeb"
"elig_route_9d4fa0cd5d1988b5138ee20e","occ_c9a49f4a6f82a5219558d723"
"elig_route_9d4fa0cd5d1988b5138ee20e","occ_6983bb79f7c75adb20f0bd1f"
"elig_route_9d4fa0cd5d1988b5138ee20e","occ_b0900bc6817e3a834ac1bf2f"
"elig_route_9d4fa0cd5d1988b5138ee20e","occ_5275032a23d1567ee9f7a8c9"
"elig_route_9d4fa0cd5d1988b5138ee20e","occ_d5173ad93b1f1e9a83e14a93"
"elig_route_9d4fa0cd5d1988b5138ee20e","occ_fb790e4a3f84dca585e245fd"
"elig_route_9d4fa0cd5d1988b5138ee20e","occ_acf4687a3b94e6077c368eed"
"elig_route_9d4fa0cd5d1988b5138ee20e","occ_cc67d9fedeff0cc5148a97a6"
"elig_route_9d4fa0cd5d1988b5138ee20e","occ_ac2d94b9aa0cfe33d8eb137b"
"elig_route_9d4fa0cd5d1988b5138ee20e","occ_7886f2fad2b1ecf80a9fad4a"
"elig_route_534c8c2735b64ec40ecc91ed","occ_b1783fa946ecbb7b25ab78ef"
"elig_route_4ff70cf2499dd1d3bbbc983a","occ_0c0b15d341579b5fc0671a0d"
"elig_route_bd30aa7a4db5761245287b96","occ_a124cd5f81fe06ee38d53a32"
"elig_route_49e8f7359a16532bbd166efa","occ_aa6df6e2946c9c9f7ba3d41e"
"elig_route_05981830a5971ae5c269715a","occ_ea6e9e5ad5881ca265613f10"
"elig_route_33a425f78c272285c4a3303f","occ_65e1a242efb1229f5838d7d2"
"elig_route_7daa7f0fb65d73f6156e04a0","occ_4fa269da88c18af22bc71722"
"elig_route_d498853b370aeca9bc86bee7","occ_286f72f973bd2184e55b26b8"
"elig_route_bcd672ac8359664660442e10","occ_b872573a313566d8a7e76e3b"
"elig_route_015a2c948817416733f1f237","occ_c9ff29cfb2234eb94537b2a7"
"elig_route_a6549297ca8bba046835a55d","occ_50f11fee80b276a5522248a4"
"elig_route_6e69491a2e158aa2cafb0963","occ_ffacb57454ccd2d371cff90a"
"elig_route_6e69491a2e158aa2cafb0963","occ_31c7cadd4ab6afdb264b467a"
"elig_route_6e69491a2e158aa2cafb0963","occ_6db8e056044bfdff8afac29d"
"elig_route_6e69491a2e158aa2cafb0963","occ_7bf22670d567d45e85a26e87"
"elig_route_6e69491a2e158aa2cafb0963","occ_d494442304b8b271a4cd3f2f"
"elig_route_6e69491a2e158aa2cafb0963","occ_26033a5a628823586aa71995"
"elig_route_6e69491a2e158aa2cafb0963","occ_cacea8f1698ac6f9e798f8e5"
"elig_route_6e69491a2e158aa2cafb0963","occ_f4bf5420971b5867d640a7c5"
"elig_route_6e69491a2e158aa2cafb0963","occ_f7bfb6a9ea7d29061dee8cb0"
"elig_route_6e69491a2e158aa2cafb0963","occ_8c87aa6029340f525908e756"
"elig_route_6e69491a2e158aa2cafb0963","occ_a274588e14b1bb1e51f8380f"
"elig_route_6e69491a2e158aa2cafb0963","occ_44512389d7ae8fdccf4fa95a"
"elig_route_6e69491a2e158aa2cafb0963","occ_686acd2757d67ec51e0ab21f"
"elig_route_6e69491a2e158aa2cafb0963","occ_7cbe95309a14856c3d643ce3"
"elig_route_6e69491a2e158aa2cafb0963","occ_a6644b7f058be2b2856a2cef"
"elig_route_6e69491a2e158aa2cafb0963","occ_12ee605ed3ce4d7f06ec8a56"
"elig_route_6e69491a2e158aa2cafb0963","occ_10d62e5a7acfadfd1232b538"
"elig_route_6e69491a2e158aa2cafb0963","occ_501d851e4e2b5e3e1fe82ecf"
"elig_route_6e69491a2e158aa2cafb0963","occ_0f2e977cc85a4c1c379c5182"
"elig_route_6e69491a2e158aa2cafb0963","occ_2185f815a84377f455820b68"
"elig_route_6e69491a2e158aa2cafb0963","occ_f206a89105db107ed0b2efe4"
"elig_route_6e69491a2e158aa2cafb0963","occ_1a1ab016c61f8cd452d69a6c"
"elig_route_6e69491a2e158aa2cafb0963","occ_8b04949477518d3c31705c81"
"elig_route_6e69491a2e158aa2cafb0963","occ_91815ab2e807394dbd5f984a"
"elig_route_6e69491a2e158aa2cafb0963","occ_db3add97e45926f0f0b02df2"
"elig_route_b67da01b92679710a206734b","occ_d106988b3b38f8c4a03662c6"
"elig_route_b67da01b92679710a206734b","occ_62dbb510d9c45fe2be64a706"
"elig_route_b67da01b92679710a206734b","occ_7527885a10069077bf4ead48"
"elig_route_b67da01b92679710a206734b","occ_170c9d934ef58698b8b674ba"
"elig_route_b67da01b92679710a206734b","occ_77b0aca4b912c452d69d6c4d"
"elig_route_b67da01b92679710a206734b","occ_19fdc98e1f0356eb7f145ff4"
"elig_route_b67da01b92679710a206734b","occ_b210be9a69bbafebf124df2d"
"elig_route_b67da01b92679710a206734b","occ_cc951eccd7e088e85ece0c86"
"elig_route_b67da01b92679710a206734b","occ_9a5ee2fa21b58f56e499ed82"
"elig_route_b67da01b92679710a206734b","occ_a806dbff1c51fa54879066d9"
"elig_route_b67da01b92679710a206734b","occ_c957f8e478a1baacbfb7fa90"
"elig_route_b67da01b92679710a206734b","occ_e46269dbcd645b5a92a33de4"
"elig_route_b67da01b92679710a206734b","occ_1a0e68822ef3f8af61797005"
"elig_route_b67da01b92679710a206734b","occ_2acf0b49248045db6f40d3c8"
"elig_route_b67da01b92679710a206734b","occ_f07518b57a64fdbd637a74b6"
"elig_route_b67da01b92679710a206734b","occ_7581ca79b7057e209c6ee683"
"elig_route_b67da01b92679710a206734b","occ_91472d7a7af2a98f89680004"
"elig_route_b67da01b92679710a206734b","occ_6b917cabba8c00d0fe5fe25b"
"elig_route_b67da01b92679710a206734b","occ_24d0252a4c122ad7f2a97562"
"elig_route_b67da01b92679710a206734b","occ_e1b73187d94c2746b1db9c51"
"elig_route_b67da01b92679710a206734b","occ_8eed025cad5fd6fe311a2b46"
"elig_route_b67da01b92679710a206734b","occ_f1e8c289ddb1fcc9c00fd7a9"
"elig_route_b67da01b92679710a206734b","occ_0b21585feaa28f69a12a7072"
"elig_route_b67da01b92679710a206734b","occ_a8cf9ce27fc7fa7850041a94"
"elig_route_b67da01b92679710a206734b","occ_98fc84ebfc7603f0bc96b723"
"elig_route_d1afd5b4ae7c20904f85fa3d","occ_52a3c71d5f6d7701d2865e46"
"elig_route_d1afd5b4ae7c20904f85fa3d","occ_45f0eb397582e0e3664a509b"
"elig_route_d1afd5b4ae7c20904f85fa3d","occ_e3fc5435b08a7d5807b55e4b"
"elig_route_d1afd5b4ae7c20904f85fa3d","occ_8ec17efca3ed8bbe29aa771a"
"elig_route_d1afd5b4ae7c20904f85fa3d","occ_75fd8d8fa31eeb9e5baaa3a2"
"elig_route_d1afd5b4ae7c20904f85fa3d","occ_b06a913f9876424bc64d3a95"
"elig_route_d1afd5b4ae7c20904f85fa3d","occ_547060a10bb1c146d03a4d7c"
"elig_route_d1afd5b4ae7c20904f85fa3d","occ_f09434b9f565486c82703eef"
"elig_route_d1afd5b4ae7c20904f85fa3d","occ_be6ba0c293e708795fa7d62f"
"elig_route_d1afd5b4ae7c20904f85fa3d","occ_9e43580a4c97ed3d4134f299"
"elig_route_d1afd5b4ae7c20904f85fa3d","occ_c66b79bd18aa21d2db5bd332"
"elig_route_337cf62be0bc69418d915b86","occ_aa6df6e2946c9c9f7ba3d41e"
"elig_route_28ab7539832ce2e3eff63d86","occ_ea6e9e5ad5881ca265613f10"
"elig_route_14c12ff02b9a533df7d86186","occ_dd10adda1bd71ccd915027c4"
"elig_route_199f37fccbfcc62a8de7fa8f","occ_938343f9ccf6f2c4a1f92185"
"elig_route_e14d2f7a0e6b66e20e05ec2d","occ_ba078eb3e54eef445695089b"
"elig_route_c139dc7c55ece0b3ec929592","occ_332916aed5890a47add94b30"
"elig_route_a254e9a78d15f318f8609e2d","occ_e487d66099b6de42351515b3"
"elig_route_d6ea1a62cfd3d38edf26d10b","occ_c82c66401667ada65a6a35b7"
"elig_route_e981b691091146bf3a2e0e8e","occ_0e0643ab209ae4065c09f6cf"
"elig_route_ef9d49f97bd611c36c3da6c8","occ_71c7fda8ef5e1a59411bfbcd"
"elig_route_e754b5266af41f980edc98d0","occ_ab082144bf35b82b3e506c11"
"elig_route_e754b5266af41f980edc98d0","occ_289d17717092aa72ee010bfe"
"elig_route_e754b5266af41f980edc98d0","occ_403e033b765286b2bd527dcb"
"elig_route_e754b5266af41f980edc98d0","occ_e725824d72d8955523f4e2e3"
"elig_route_e754b5266af41f980edc98d0","occ_ba496d6c582a05ca6653fd83"
"elig_route_e754b5266af41f980edc98d0","occ_bc3906f0ad6f277269448587"
"elig_route_e754b5266af41f980edc98d0","occ_f10a64f4b89d76c9dc1e26a5"
"elig_route_e754b5266af41f980edc98d0","occ_fd576ed8408b246d21c6b713"
"elig_route_e754b5266af41f980edc98d0","occ_d4aa65c57649b7c2ca153dd9"
"elig_route_ec422941c4cb347b813e7f32","occ_5c0e91352f2abe9a9bb80ba6"
"elig_route_5cb149175102c6c16a17f836","occ_aa3e6b063e948990359cba75"
"elig_route_a8c66c92c876eadb73dc22ee","occ_bb261f3253b42f83be9675a9"
"elig_route_a8c66c92c876eadb73dc22ee","occ_44aca206e90bad3a98a053df"
"elig_route_a8c66c92c876eadb73dc22ee","occ_14b72dc83b049ccbc72ba1d2"
"elig_route_a8c66c92c876eadb73dc22ee","occ_3ac67a738248bebe8acd8d2c"
"elig_route_a8c66c92c876eadb73dc22ee","occ_6b0bdd8d22fb73e56e2025b5"
"elig_route_a8c66c92c876eadb73dc22ee","occ_6cadd7b4bf658774405c3c8e"
"elig_route_a8c66c92c876eadb73dc22ee","occ_ba133117967765a234bbef4d"
"elig_route_a8c66c92c876eadb73dc22ee","occ_170bdf9eac99d7368ceb36ce"
"elig_route_a8c66c92c876eadb73dc22ee","occ_2dc1e0368de37f8b3d3a8caa"
"elig_route_a8c66c92c876eadb73dc22ee","occ_99ee9ecc3d3f15a47b093012"
"elig_route_a8c66c92c876eadb73dc22ee","occ_56edd454b0d4250e70330e92"
"elig_route_a8c66c92c876eadb73dc22ee","occ_a00742257da0aefd1c7639d8"
"elig_route_a8c66c92c876eadb73dc22ee","occ_6568a20d443cb78e567af598"
"elig_route_a8c66c92c876eadb73dc22ee","occ_fc9ec4c7098caffc1d2d04a3"
"elig_route_a8c66c92c876eadb73dc22ee","occ_e9c8f81c2acd70b5d13fd959"
"elig_route_a8c66c92c876eadb73dc22ee","occ_d16e36939d573874e50928f7"
"elig_route_a8c66c92c876eadb73dc22ee","occ_2e1ba296cec46fb1df71075a"
"elig_route_a8c66c92c876eadb73dc22ee","occ_1fe7ef04818a7bbe8fe4d182"
"elig_route_a8c66c92c876eadb73dc22ee","occ_6cbd50addf5a1b63c011535b"
"elig_route_a8c66c92c876eadb73dc22ee","occ_0bdc8fd65776761e3dcf6b65"
"elig_route_a8c66c92c876eadb73dc22ee","occ_cf374a716e6d469b98c075cc"
"elig_route_a8c66c92c876eadb73dc22ee","occ_ed740570619fec353a04ae37"
"elig_route_a8c66c92c876eadb73dc22ee","occ_8909f1add7e51ef414d87af1"
"elig_route_a8c66c92c876eadb73dc22ee","occ_8add79e90909b510f16fc9f9"
"elig_route_a8c66c92c876eadb73dc22ee","occ_b998a713881aa1f98cad95a4"
"elig_route_1b4b0756318c203aa5b4016d","occ_66b0c78423ba2123ba155ad4"
"elig_route_1b4b0756318c203aa5b4016d","occ_3985185321b30533131bb01e"
"elig_route_1b4b0756318c203aa5b4016d","occ_98ba3d4a402c9988c2aea6b2"
"elig_route_1b4b0756318c203aa5b4016d","occ_a96fdb69eceddd600ee390d7"
"elig_route_1b4b0756318c203aa5b4016d","occ_8edfbedc7c3a9dbb2cdc55e0"
"elig_route_1b4b0756318c203aa5b4016d","occ_95b7fb3b3bf494a7788f96cf"
"elig_route_1b4b0756318c203aa5b4016d","occ_eb583a50aec43cb3bb4d2d61"
"elig_route_1b4b0756318c203aa5b4016d","occ_1d99d6eea94f6683ac2184d8"
"elig_route_1b4b0756318c203aa5b4016d","occ_45edd333ab73c4cc71f43da4"
"elig_route_1b4b0756318c203aa5b4016d","occ_bd77c351923c77b1c17250ef"
"elig_route_1b4b0756318c203aa5b4016d","occ_b9f952eba9ef833a487504f9"
"elig_route_1b4b0756318c203aa5b4016d","occ_e5cddc1574c4d914a407155b"
"elig_route_1b4b0756318c203aa5b4016d","occ_0cd543e384ee1f0dbad2540e"
"elig_route_1b4b0756318c203aa5b4016d","occ_5eee56e0d4cce961adeb2955"
"elig_route_1b4b0756318c203aa5b4016d","occ_ad6429dbcc7c180a8094b5ee"
"elig_route_1b4b0756318c203aa5b4016d","occ_3a3c9059f47dbf293068a132"
"elig_route_1b4b0756318c203aa5b4016d","occ_08c35768ebec9ab5cdee1886"
"elig_route_1b4b0756318c203aa5b4016d","occ_5bd0a654ecdefa4215b0d70f"
"elig_route_1b4b0756318c203aa5b4016d","occ_1ab8603d4e5e111a3dce07b0"
"elig_route_1b4b0756318c203aa5b4016d","occ_45299f92f6e0df2677c139f5"
"elig_route_1b4b0756318c203aa5b4016d","occ_4ec7bda20bd2ef6d3679bc0d"
"elig_route_1b4b0756318c203aa5b4016d","occ_5fff5b6b86e7c3ef83a720f7"
"elig_route_1b4b0756318c203aa5b4016d","occ_1e2c924ce61a93457deed58b"
"elig_route_1b4b0756318c203aa5b4016d","occ_4142fdb21e25aa3b48f7579f"
"elig_route_1b4b0756318c203aa5b4016d","occ_855b912266981ca668e97495"
"elig_route_51f0348627367adc2c3242ea","occ_938343f9ccf6f2c4a1f92185"
"elig_route_be5c8b687fb215f52b9cda28","occ_ba078eb3e54eef445695089b"
"elig_route_db4e387a12c5e71b300e1a08","occ_6d42bfbfd54e98c72ca9b8ed"
"option_occ_43f23e783cb674011ce5907d","occ_43f23e783cb674011ce5907d"
"option_occ_5f3e011e655c299ac5899c8a","occ_5f3e011e655c299ac5899c8a"
"option_occ_a579ac5db50ec68770ad24d8","occ_a579ac5db50ec68770ad24d8"
"option_occ_3ed29f293a92de2f7770d3f4","occ_3ed29f293a92de2f7770d3f4"
"option_occ_dfe8221a860acd84a567e288","occ_dfe8221a860acd84a567e288"
"option_occ_24516cfc55ce0c081df1cd49","occ_24516cfc55ce0c081df1cd49"
"option_occ_c41e8c634e5a328517d1d181","occ_c41e8c634e5a328517d1d181"
"option_occ_b7f7c7505e5803831814b231","occ_b7f7c7505e5803831814b231"
"option_occ_f5f6cedbcd84e96f0141fa41","occ_f5f6cedbcd84e96f0141fa41"
"option_occ_308df3c8c82cad0fc27827e8","occ_308df3c8c82cad0fc27827e8"
"option_occ_57a1a2351254cc0363b11aa4","occ_57a1a2351254cc0363b11aa4"
"option_occ_ec6d9de4180ac7330590cd43","occ_ec6d9de4180ac7330590cd43"
"option_occ_a77c4bd2b34b55c6aeae38ee","occ_a77c4bd2b34b55c6aeae38ee"
"option_occ_078ca5c107d38899850c0f3f","occ_078ca5c107d38899850c0f3f"
"option_occ_93978e415d7d28f02338d24f","occ_93978e415d7d28f02338d24f"
"option_occ_d1f60caafacea2e9d83b2bc0","occ_d1f60caafacea2e9d83b2bc0"
"option_occ_fad7cf6969f56bc6461a8277","occ_fad7cf6969f56bc6461a8277"
"option_occ_b7b549dfc4caf564a881ab59","occ_b7b549dfc4caf564a881ab59"
"option_occ_648c181f47cca67e567ab7f1","occ_648c181f47cca67e567ab7f1"
"option_occ_64b3e75504db5094dabc0f57","occ_64b3e75504db5094dabc0f57"
"option_occ_f3d7dca59c67c4ad33e16343","occ_f3d7dca59c67c4ad33e16343"
"option_occ_26033a5a628823586aa71995","occ_26033a5a628823586aa71995"
"option_occ_a6644b7f058be2b2856a2cef","occ_a6644b7f058be2b2856a2cef"
"option_occ_19fdc98e1f0356eb7f145ff4","occ_19fdc98e1f0356eb7f145ff4"
"option_occ_f07518b57a64fdbd637a74b6","occ_f07518b57a64fdbd637a74b6"
"option_occ_55348169c6e61e2a33b3a399","occ_55348169c6e61e2a33b3a399"
"option_occ_6cadd7b4bf658774405c3c8e","occ_6cadd7b4bf658774405c3c8e"
"option_occ_e9c8f81c2acd70b5d13fd959","occ_e9c8f81c2acd70b5d13fd959"
"option_occ_95b7fb3b3bf494a7788f96cf","occ_95b7fb3b3bf494a7788f96cf"
"option_occ_ad6429dbcc7c180a8094b5ee","occ_ad6429dbcc7c180a8094b5ee"
"option_occ_36fe2675f8d9c57da219cd04","occ_36fe2675f8d9c57da219cd04"
"option_occ_599bfe630c5cf2bf5a6d715e","occ_599bfe630c5cf2bf5a6d715e"
"option_occ_c3e53fdfafcc15be4da8670d","occ_c3e53fdfafcc15be4da8670d"
"option_occ_116fe22d677001fd81fb0c98","occ_116fe22d677001fd81fb0c98"
"option_occ_e4af2a6619ffcf9646b6bad3","occ_e4af2a6619ffcf9646b6bad3"
"option_occ_c107cce51ce5995f4a9cb1e4","occ_c107cce51ce5995f4a9cb1e4"
"option_occ_51330cca68b00ee5efc5b116","occ_51330cca68b00ee5efc5b116"
"option_occ_55e00f61098045fbdaefa7e7","occ_55e00f61098045fbdaefa7e7"
"option_occ_6ed7c7bfcbaf6999b91e233a","occ_6ed7c7bfcbaf6999b91e233a"
"option_occ_c66278c75514be572a191661","occ_c66278c75514be572a191661"
"option_occ_ff3678a31aa17ae897833f1d","occ_ff3678a31aa17ae897833f1d"
"option_occ_ed6a4b91476e16772647111a","occ_ed6a4b91476e16772647111a"
"option_occ_e8add30010587b800e3c9c65","occ_e8add30010587b800e3c9c65"
"option_occ_8340acf5d7bfe0d104c056ea","occ_8340acf5d7bfe0d104c056ea"
"option_occ_a0ac4cfe46015e8ee837b9b4","occ_a0ac4cfe46015e8ee837b9b4"
"option_occ_87974b7ca22b14ce4669c8bf","occ_87974b7ca22b14ce4669c8bf"
"option_occ_8c5e43f47c622c3ebdeea710","occ_8c5e43f47c622c3ebdeea710"
"option_occ_ab8e6be2ba00af0dbe2ad6bc","occ_ab8e6be2ba00af0dbe2ad6bc"
"option_occ_7d22157368a83599bc1fe08e","occ_7d22157368a83599bc1fe08e"
"option_occ_6508ccd7f8dc3a3661f1e869","occ_6508ccd7f8dc3a3661f1e869"
"option_occ_f1fe704b047606a0e306e29c","occ_f1fe704b047606a0e306e29c"
"option_occ_efc40665d33cbc47bed4fdaa","occ_efc40665d33cbc47bed4fdaa"
"option_occ_603080bc4c253f3aef6d9688","occ_603080bc4c253f3aef6d9688"
"option_occ_4ab0c60cdeb59978bfdb3acf","occ_4ab0c60cdeb59978bfdb3acf"
"option_occ_e71b8cadc340617e0bbe416b","occ_e71b8cadc340617e0bbe416b"
"option_occ_ecf10420352018096b474ae8","occ_ecf10420352018096b474ae8"
"option_occ_2a3c9276cf643373fab06a4c","occ_2a3c9276cf643373fab06a4c"
"option_occ_aea3f9a57148c1fc108faa1d","occ_aea3f9a57148c1fc108faa1d"
"option_occ_bc20868dd3646c21127e19ae","occ_bc20868dd3646c21127e19ae"
"option_occ_f391dd084b61ac29af2f5550","occ_f391dd084b61ac29af2f5550"
"option_occ_6825cf26075eb7e31d2659ac","occ_6825cf26075eb7e31d2659ac"
"option_occ_1c0e7235aecd47f344554ebc","occ_1c0e7235aecd47f344554ebc"
"option_occ_4febc0a16abb29613fd974cd","occ_4febc0a16abb29613fd974cd"
"option_occ_a2dbcc24bbba2da0492eb441","occ_a2dbcc24bbba2da0492eb441"
"option_occ_8fa233be4669746e43a21457","occ_8fa233be4669746e43a21457"
"option_occ_1532997e7845500aa7fd4d7e","occ_1532997e7845500aa7fd4d7e"
"option_occ_b0d954cdc21776f7bdb48dc9","occ_b0d954cdc21776f7bdb48dc9"
"option_occ_4c9a84c69f27bdd40c456cf2","occ_4c9a84c69f27bdd40c456cf2"
"option_occ_95fa5062e0a2f8146a515649","occ_95fa5062e0a2f8146a515649"
"option_occ_486ad53506e08ae3bec89708","occ_486ad53506e08ae3bec89708"
"option_occ_9f4f3992cd23e98e33e67629","occ_9f4f3992cd23e98e33e67629"
"option_occ_a2ba5e7d4ad3f1760c825dfc","occ_a2ba5e7d4ad3f1760c825dfc"
"option_occ_005c46bc28a67efd8d0cd834","occ_005c46bc28a67efd8d0cd834"
"option_occ_66e92c13f48cbb59cbad00a0","occ_66e92c13f48cbb59cbad00a0"
"option_occ_ba5ef7814a0dfccc0a97c0d1","occ_ba5ef7814a0dfccc0a97c0d1"
"option_occ_337a8548eb9f74446e62966e","occ_337a8548eb9f74446e62966e"
"option_occ_e46ce0392ad8fd0f23aceba4","occ_e46ce0392ad8fd0f23aceba4"
"option_occ_4d7d21cf5a74d865265dfea9","occ_4d7d21cf5a74d865265dfea9"
"option_occ_e1531a542b14f9396ef24445","occ_e1531a542b14f9396ef24445"
"option_occ_2a4e82fecf3ae52b335baebd","occ_2a4e82fecf3ae52b335baebd"
"option_occ_225c751b3d69543a9b576cce","occ_225c751b3d69543a9b576cce"
"option_occ_e0dee8f016c468f9360b05e9","occ_e0dee8f016c468f9360b05e9"
"option_occ_ee26b80ed9bade611a345880","occ_ee26b80ed9bade611a345880"
"option_occ_4e2ecc8730f01f754226bc8e","occ_4e2ecc8730f01f754226bc8e"
"option_occ_c373702c2e3f4d2ea1c89c81","occ_c373702c2e3f4d2ea1c89c81"
"option_occ_82a934ad03072583c08e301a","occ_82a934ad03072583c08e301a"
"option_occ_1c9e1096229fc78c1377ee77","occ_1c9e1096229fc78c1377ee77"
"option_occ_4f7054a28f63210c8bab7479","occ_4f7054a28f63210c8bab7479"
"option_occ_eae6a6ed86a5da0a89863fdd","occ_eae6a6ed86a5da0a89863fdd"
"option_occ_78d0550070743b3e161f54f3","occ_78d0550070743b3e161f54f3"
"option_occ_6d36a13e8147ae4a4fcc4f30","occ_6d36a13e8147ae4a4fcc4f30"
"option_occ_840820404b1cadaec8df2942","occ_840820404b1cadaec8df2942"
"option_occ_8fe6c9ae3944cd17a6d07f05","occ_8fe6c9ae3944cd17a6d07f05"
"option_occ_1b490f7bcdb63a2be193cd65","occ_1b490f7bcdb63a2be193cd65"
"option_occ_f5429f192686d5331daedaa4","occ_f5429f192686d5331daedaa4"
"option_occ_8ee64514b43822fa886b7fda","occ_8ee64514b43822fa886b7fda"
"option_occ_41189380459b870c1f11b9f5","occ_41189380459b870c1f11b9f5"
"option_occ_8c72d233ccb7c4911a3f035a","occ_8c72d233ccb7c4911a3f035a"
"option_occ_b7ee814521723a3a402a4ea4","occ_b7ee814521723a3a402a4ea4"
"option_occ_cb278864fbb37e2a20c34823","occ_cb278864fbb37e2a20c34823"
"option_occ_191d964902e8ac56f4f0c89a","occ_191d964902e8ac56f4f0c89a"
"option_occ_0b4213531dc39c077be8bfca","occ_0b4213531dc39c077be8bfca"
"option_occ_3ec14ed6a418fbd36a60b3b4","occ_3ec14ed6a418fbd36a60b3b4"
"option_occ_3eefa467ac181eceaff44525","occ_3eefa467ac181eceaff44525"
"option_occ_999aef37430e7021151495b7","occ_999aef37430e7021151495b7"
"option_occ_f6c3c018aebafa78b70e7a8c","occ_f6c3c018aebafa78b70e7a8c"
"option_occ_93063bbf473c012308057b59","occ_93063bbf473c012308057b59"
"option_occ_08fb1832faef49394054d309","occ_08fb1832faef49394054d309"
"option_occ_2a95d9a818439aca37f0b27e","occ_2a95d9a818439aca37f0b27e"
